Workbook
Name hospital_details: '[1]Hospitalisation Details'!$A$2:$H$2344

Sheet Healthcare
A1: Customer ID | B1: First Name | C1: BMI | D1: Weight status | E1: HBA1C | F1: Diabetes status | G1: Heart Issues | H1: Any Transplants | I1: Cancer history | J1: NumberOfMajorSurgeries | K1: smoker | L1: Date OF Birth | M1: Age | N1: children | O1: $Currency | P1: Hospital tier | Q1: City tier | R1: State ID
A2: ID1 | B2: =VLOOKUP($A2,[1]!Customer_Names[#Data],3,0) -> Kelly | C2: 47.41 | D2: {=_xlfn.IFS(Healthcare!$C2<18.5,"under weight",Healthcare!$C2<=24.9,"Normal Weight",Healthcare!$C2>=25,"overweight",Healthcare!$C2>=30,"obese")} -> overweight | E2: 7.47 | F2: {=_xlfn.IFS(Healthcare!$E2<5.7,"normal",Healthcare!$E2<=6.4,"prediabetes",Healthcare!$E2>=6.5,"diabetes")} -> diabetes | G2: No | H2: No | I2: No | J2: 0 | K2: yes | L2: =VLOOKUP(Healthcare!$A2,hospital_details,2,0) -> 12-Oct-1968 | M2: =VLOOKUP(A2,hospital_details,3,0) -> 58 | N2: =VLOOKUP($A2,hospital_details,4,0) -> 0 | O2: =VLOOKUP($A2,hospital_details,5,0) -> 63770.43 | P2: =VLOOKUP($A2,hospital_details,6,0) -> tier - 1 | Q2: =VLOOKUP($A2,hospital_details,7,0) -> tier - 3 | R2: =VLOOKUP($A2,hospital_details,8,0) -> R1013
A3: ID2 | B3: =VLOOKUP($A3,[1]!Customer_Names[#Data],3,0) -> Matthew D | C3: 30.36 | D3: {=_xlfn.IFS(Healthcare!$C3<18.5,"under weight",Healthcare!$C3<=24.9,"Normal Weight",Healthcare!$C3>=25,"overweight",Healthcare!$C3>=30,"obese")} -> overweight | E3: 5.77 | F3: {=_xlfn.IFS(Healthcare!$E3<5.7,"normal",Healthcare!$E3<=6.4,"prediabetes",Healthcare!$E3>=6.5,"diabetes")} -> prediabetes | G3: No | H3: No | I3: No | J3: 0 | K3: yes | L3: =VLOOKUP(Healthcare!$A3,hospital_details,2,0) -> 8-Jun-1977 | M3: =VLOOKUP(A3,hospital_details,3,0) -> 49 | N3: =VLOOKUP($A3,hospital_details,4,0) -> 0 | O3: =VLOOKUP($A3,hospital_details,5,0) -> 62592.87 | P3: =VLOOKUP($A3,hospital_details,6,0) -> tier - 2 | Q3: =VLOOKUP($A3,hospital_details,7,0) -> tier - 3 | R3: =VLOOKUP($A3,hospital_details,8,0) -> R1013
A4: ID3 | B4: =VLOOKUP($A4,[1]!Customer_Names[#Data],3,0) -> Phil | C4: 34.485 | D4: {=_xlfn.IFS(Healthcare!$C4<18.5,"under weight",Healthcare!$C4<=24.9,"Normal Weight",Healthcare!$C4>=25,"overweight",Healthcare!$C4>=30,"obese")} -> overweight | E4: 11.87 | F4: {=_xlfn.IFS(Healthcare!$E4<5.7,"normal",Healthcare!$E4<=6.4,"prediabetes",Healthcare!$E4>=6.5,"diabetes")} -> diabetes | G4: yes | H4: No | I4: No | J4: 2 | K4: yes | L4: =VLOOKUP(Healthcare!$A4,hospital_details,2,0) -> 11-sep-1970 | M4: =VLOOKUP(A4,hospital_details,3,0) -> 56 | N4: =VLOOKUP($A4,hospital_details,4,0) -> 3 | O4: =VLOOKUP($A4,hospital_details,5,0) -> 60021.4 | P4: =VLOOKUP($A4,hospital_details,6,0) -> tier - 1 | Q4: =VLOOKUP($A4,hospital_details,7,0) -> tier - 1 | R4: =VLOOKUP($A4,hospital_details,8,0) -> R1012
A5: ID4 | B5: =VLOOKUP($A5,[1]!Customer_Names[#Data],3,0) -> Kelsey | C5: 38.095 | D5: {=_xlfn.IFS(Healthcare!$C5<18.5,"under weight",Healthcare!$C5<=24.9,"Normal Weight",Healthcare!$C5>=25,"overweight",Healthcare!$C5>=30,"obese")} -> overweight | E5: 6.05 | F5: {=_xlfn.IFS(Healthcare!$E5<5.7,"normal",Healthcare!$E5<=6.4,"prediabetes",Healthcare!$E5>=6.5,"diabetes")} -> prediabetes | G5: No | H5: No | I5: No | J5: 0 | K5: yes | L5: =VLOOKUP(Healthcare!$A5,hospital_details,2,0) -> 6-Jun-1991 | M5: =VLOOKUP(A5,hospital_details,3,0) -> 35 | N5: =VLOOKUP($A5,hospital_details,4,0) -> 1 | O5: =VLOOKUP($A5,hospital_details,5,0) -> 58571.07 | P5: =VLOOKUP($A5,hospital_details,6,0) -> tier - 1 | Q5: =VLOOKUP($A5,hospital_details,7,0) -> tier - 3 | R5: =VLOOKUP($A5,hospital_details,8,0) -> R1024
A6: ID5 | B6: =VLOOKUP($A6,[1]!Customer_Names[#Data],3,0) -> Kristyn | C6: 35.53 | D6: {=_xlfn.IFS(Healthcare!$C6<18.5,"under weight",Healthcare!$C6<=24.9,"Normal Weight",Healthcare!$C6>=25,"overweight",Healthcare!$C6>=30,"obese")} -> overweight | E6: 5.45 | F6: {=_xlfn.IFS(Healthcare!$E6<5.7,"normal",Healthcare!$E6<=6.4,"prediabetes",Healthcare!$E6>=6.5,"diabetes")} -> normal | G6: No | H6: No | I6: No | J6: 0 | K6: yes | L6: =VLOOKUP(Healthcare!$A6,hospital_details,2,0) -> 19-Jun-1989 | M6: =VLOOKUP(A6,hospital_details,3,0) -> 37 | N6: =VLOOKUP($A6,hospital_details,4,0) -> 0 | O6: =VLOOKUP($A6,hospital_details,5,0) -> 55135.4 | P6: =VLOOKUP($A6,hospital_details,6,0) -> tier - 1 | Q6: =VLOOKUP($A6,hospital_details,7,0) -> tier - 2 | R6: =VLOOKUP($A6,hospital_details,8,0) -> R1012
A7: ID6 | B7: =VLOOKUP($A7,[1]!Customer_Names[#Data],3,0) -> Russell B | C7: 32.8 | D7: {=_xlfn.IFS(Healthcare!$C7<18.5,"under weight",Healthcare!$C7<=24.9,"Normal Weight",Healthcare!$C7>=25,"overweight",Healthcare!$C7>=30,"obese")} -> overweight | E7: 6.59 | F7: {=_xlfn.IFS(Healthcare!$E7<5.7,"normal",Healthcare!$E7<=6.4,"prediabetes",Healthcare!$E7>=6.5,"diabetes")} -> diabetes | G7: No | H7: No | I7: No | J7: 0 | K7: yes | L7: =VLOOKUP(Healthcare!$A7,hospital_details,2,0) -> 4-Aug-1962 | M7: =VLOOKUP(A7,hospital_details,3,0) -> 64 | N7: =VLOOKUP($A7,hospital_details,4,0) -> 0 | O7: =VLOOKUP($A7,hospital_details,5,0) -> 52590.83 | P7: =VLOOKUP($A7,hospital_details,6,0) -> tier - 1 | Q7: =VLOOKUP($A7,hospital_details,7,0) -> tier - 3 | R7: =VLOOKUP($A7,hospital_details,8,0) -> R1011
A8: ID7 | B8: =VLOOKUP($A8,[1]!Customer_Names[#Data],3,0) -> Scott | C8: 36.4 | D8: {=_xlfn.IFS(Healthcare!$C8<18.5,"under weight",Healthcare!$C8<=24.9,"Normal Weight",Healthcare!$C8>=25,"overweight",Healthcare!$C8>=30,"obese")} -> overweight | E8: 6.07 | F8: {=_xlfn.IFS(Healthcare!$E8<5.7,"normal",Healthcare!$E8<=6.4,"prediabetes",Healthcare!$E8>=6.5,"diabetes")} -> prediabetes | G8: No | H8: No | I8: No | J8: 0 | K8: yes | L8: =VLOOKUP(Healthcare!$A8,hospital_details,2,0) -> 27-Oct-1994 | M8: =VLOOKUP(A8,hospital_details,3,0) -> 31 | N8: =VLOOKUP($A8,hospital_details,4,0) -> 1 | O8: =VLOOKUP($A8,hospital_details,5,0) -> 51194.56 | P8: =VLOOKUP($A8,hospital_details,6,0) -> tier - 1 | Q8: =VLOOKUP($A8,hospital_details,7,0) -> tier - 3 | R8: =VLOOKUP($A8,hospital_details,8,0) -> R1011
A9: ID8 | B9: =VLOOKUP($A9,[1]!Customer_Names[#Data],3,0) -> Stephen | C9: 36.96 | D9: {=_xlfn.IFS(Healthcare!$C9<18.5,"under weight",Healthcare!$C9<=24.9,"Normal Weight",Healthcare!$C9>=25,"overweight",Healthcare!$C9>=30,"obese")} -> overweight | E9: 7.93 | F9: {=_xlfn.IFS(Healthcare!$E9<5.7,"normal",Healthcare!$E9<=6.4,"prediabetes",Healthcare!$E9>=6.5,"diabetes")} -> diabetes | G9: No | H9: No | I9: No | J9: 3 | K9: yes | L9: =VLOOKUP(Healthcare!$A9,hospital_details,2,0) -> 27-Jun-1958 | M9: =VLOOKUP(A9,hospital_details,3,0) -> 68 | N9: =VLOOKUP($A9,hospital_details,4,0) -> 2 | O9: =VLOOKUP($A9,hospital_details,5,0) -> 49577.66 | P9: =VLOOKUP($A9,hospital_details,6,0) -> tier - 2 | Q9: =VLOOKUP($A9,hospital_details,7,0) -> tier - 2 | R9: =VLOOKUP($A9,hospital_details,8,0) -> R1013
A10: ID9 | B10: =VLOOKUP($A10,[1]!Customer_Names[#Data],3,0) -> Patrick R | C10: 41.14 | D10: {=_xlfn.IFS(Healthcare!$C10<18.5,"under weight",Healthcare!$C10<=24.9,"Normal Weight",Healthcare!$C10>=25,"overweight",Healthcare!$C10>=30,"obese")} -> overweight | E10: 9.58 | F10: {=_xlfn.IFS(Healthcare!$E10<5.7,"normal",Healthcare!$E10<=6.4,"prediabetes",Healthcare!$E10>=6.5,"diabetes")} -> diabetes | G10: yes | H10: No | I10: Yes | J10: 1 | K10: yes | L10: =VLOOKUP(Healthcare!$A10,hospital_details,2,0) -> 4-Sep-1963 | M10: =VLOOKUP(A10,hospital_details,3,0) -> 63 | N10: =VLOOKUP($A10,hospital_details,4,0) -> 1 | O10: =VLOOKUP($A10,hospital_details,5,0) -> 48970.25 | P10: =VLOOKUP($A10,hospital_details,6,0) -> tier - 1 | Q10: =VLOOKUP($A10,hospital_details,7,0) -> tier - 2 | R10: =VLOOKUP($A10,hospital_details,8,0) -> R1013
A11: ID10 | B11: =VLOOKUP($A11,[1]!Customer_Names[#Data],3,0) -> Brooke N | C11: 38.06 | D11: {=_xlfn.IFS(Healthcare!$C11<18.5,"under weight",Healthcare!$C11<=24.9,"Normal Weight",Healthcare!$C11>=25,"overweight",Healthcare!$C11>=30,"obese")} -> overweight | E11: 10.79 | F11: {=_xlfn.IFS(Healthcare!$E11<5.7,"normal",Healthcare!$E11<=6.4,"prediabetes",Healthcare!$E11>=6.5,"diabetes")} -> diabetes | G11: No | H11: No | I11: No | J11: 0 | K11: yes | L11: =VLOOKUP(Healthcare!$A11,hospital_details,2,0) -> 29-Dec-1978 | M11: =VLOOKUP(A11,hospital_details,3,0) -> 47 | N11: =VLOOKUP($A11,hospital_details,4,0) -> 0 | O11: =VLOOKUP($A11,hospital_details,5,0) -> 48885.14 | P11: =VLOOKUP($A11,hospital_details,6,0) -> tier - 1 | Q11: =VLOOKUP($A11,hospital_details,7,0) -> tier - 2 | R11: =VLOOKUP($A11,hospital_details,8,0) -> R1013
A12: ID11 | B12: =VLOOKUP($A12,[1]!Customer_Names[#Data],3,0) -> Paola Andrea | C12: 37.7 | D12: {=_xlfn.IFS(Healthcare!$C12<18.5,"under weight",Healthcare!$C12<=24.9,"Normal Weight",Healthcare!$C12>=25,"overweight",Healthcare!$C12>=30,"obese")} -> overweight | E12: 5.96 | F12: {=_xlfn.IFS(Healthcare!$E12<5.7,"normal",Healthcare!$E12<=6.4,"prediabetes",Healthcare!$E12>=6.5,"diabetes")} -> prediabetes | G12: yes | H12: No | I12: No | J12: 2 | K12: yes | L12: =VLOOKUP(Healthcare!$A12,hospital_details,2,0) -> 22-Jul-1959 | M12: =VLOOKUP(A12,hospital_details,3,0) -> 67 | N12: =VLOOKUP($A12,hospital_details,4,0) -> 0 | O12: =VLOOKUP($A12,hospital_details,5,0) -> 48824.45 | P12: =VLOOKUP($A12,hospital_details,6,0) -> tier - 2 | Q12: =VLOOKUP($A12,hospital_details,7,0) -> tier - 1 | R12: =VLOOKUP($A12,hospital_details,8,0) -> R1011
A13: ID12 | B13: =VLOOKUP($A13,[1]!Customer_Names[#Data],3,0) -> David | C13: 42.13 | D13: {=_xlfn.IFS(Healthcare!$C13<18.5,"under weight",Healthcare!$C13<=24.9,"Normal Weight",Healthcare!$C13>=25,"overweight",Healthcare!$C13>=30,"obese")} -> overweight | E13: 11.9 | F13: {=_xlfn.IFS(Healthcare!$E13<5.7,"normal",Healthcare!$E13<=6.4,"prediabetes",Healthcare!$E13>=6.5,"diabetes")} -> diabetes | G13: No | H13: No | I13: No | J13: 0 | K13: yes | L13: =VLOOKUP(Healthcare!$A13,hospital_details,2,0) -> 27-Oct-1965 | M13: =VLOOKUP(A13,hospital_details,3,0) -> 60 | N13: =VLOOKUP($A13,hospital_details,4,0) -> 1 | O13: =VLOOKUP($A13,hospital_details,5,0) -> 48675.52 | P13: =VLOOKUP($A13,hospital_details,6,0) -> tier - 1 | Q13: =VLOOKUP($A13,hospital_details,7,0) -> tier - 2 | R13: =VLOOKUP($A13,hospital_details,8,0) -> R1013
... A369: ID368 | B369: =VLOOKUP($A369,[1]!Customer_Names[#Data],3,0) -> Berenice | C369: 30.23 | D369: {=_xlfn.IFS(Healthcare!$C369<18.5,"under weight",Healthcare!$C369<=24.9,"Normal Weight",Healthcare!$C369>=25,"overweight",Healthcare!$C369>=30,"obese")} -> overweight | E369: 4.23 | F369: {=_xlfn.IFS(Healthcare!$E369<5.7,"normal",Healthcare!$E369<=6.4,"prediabetes",Healthcare!$E369>=6.5,"diabetes")} -> normal | G369: yes | H369: No | I369: Yes | J369: 1 | K369: yes | L369: =VLOOKUP(Healthcare!$A369,hospital_details,2,0) -> 7-Oct-1997 | M369: =VLOOKUP(A369,hospital_details,3,0) -> 29 | N369: =VLOOKUP($A369,hospital_details,4,0) -> 0 | O369: =VLOOKUP($A369,hospital_details,5,0) -> 27625.17 | P369: =VLOOKUP($A369,hospital_details,6,0) -> tier - 1 | Q369: =VLOOKUP($A369,hospital_details,7,0) -> tier - 1 | R369: =VLOOKUP($A369,hospital_details,8,0) -> R1011
A370: ID369 | B370: =VLOOKUP($A370,[1]!Customer_Names[#Data],3,0) -> Kenneth A | C370: 30.6 | D370: {=_xlfn.IFS(Healthcare!$C370<18.5,"under weight",Healthcare!$C370<=24.9,"Normal Weight",Healthcare!$C370>=25,"overweight",Healthcare!$C370>=30,"obese")} -> overweight | E370: 6.48 | F370: {=_xlfn.IFS(Healthcare!$E2<5.7,"normal",Healthcare!$E2<=6.4,"prediabetes",Healthcare!$E2>=6.5,"diabetes")} -> diabetes | G370: yes | H370: No | I370: Yes | J370: 1 | K370: yes | L370: =VLOOKUP(Healthcare!$A370,hospital_details,2,0) -> 9-Sep-1997 | M370: =VLOOKUP(A370,hospital_details,3,0) -> 29 | N370: =VLOOKUP($A370,hospital_details,4,0) -> 0 | O370: =VLOOKUP($A370,hospital_details,5,0) -> 27619.36 | P370: =VLOOKUP($A370,hospital_details,6,0) -> tier - 2 | Q370: =VLOOKUP($A370,hospital_details,7,0) -> tier - 3 | R370: =VLOOKUP($A370,hospital_details,8,0) -> R1011
A371: ID370 | B371: =VLOOKUP($A371,[1]!Customer_Names[#Data],3,0) -> Miguel | C371: 26.8 | D371: {=_xlfn.IFS(Healthcare!$C371<18.5,"under weight",Healthcare!$C371<=24.9,"Normal Weight",Healthcare!$C371>=25,"overweight",Healthcare!$C371>=30,"obese")} -> overweight | E371: 5.53 | F371: {=_xlfn.IFS(Healthcare!$E371<5.7,"normal",Healthcare!$E371<=6.4,"prediabetes",Healthcare!$E371>=6.5,"diabetes")} -> normal | G371: No | H371: No | I371: No | J371: 1 | K371: yes | L371: =VLOOKUP(Healthcare!$A371,hospital_details,2,0) -> 11-Jun-1992 | M371: =VLOOKUP(A371,hospital_details,3,0) -> 34 | N371: =VLOOKUP($A371,hospital_details,4,0) -> 0 | O371: =VLOOKUP($A371,hospital_details,5,0) -> 27614.71 | P371: =VLOOKUP($A371,hospital_details,6,0) -> tier - 2 | Q371: =VLOOKUP($A371,hospital_details,7,0) -> tier - 3 | R371: =VLOOKUP($A371,hospital_details,8,0) -> R1011
A372: ID371 | B372: =VLOOKUP($A372,[1]!Customer_Names[#Data],3,0) -> Hadley T | C372: 16.86 | D372: {=_xlfn.IFS(Healthcare!$C372<18.5,"under weight",Healthcare!$C372<=24.9,"Normal Weight",Healthcare!$C372>=25,"overweight",Healthcare!$C372>=30,"obese")} -> under weight | E372: 4.07 | F372: {=_xlfn.IFS(Healthcare!$E372<5.7,"normal",Healthcare!$E372<=6.4,"prediabetes",Healthcare!$E372>=6.5,"diabetes")} -> normal | G372: yes | H372: No | I372: No | J372: 0 | K372: yes | L372: =VLOOKUP(Healthcare!$A372,hospital_details,2,0) -> 6-Nov-1985 | M372: =VLOOKUP(A372,hospital_details,3,0) -> 40 | N372: =VLOOKUP($A372,hospital_details,4,0) -> 3 | O372: =VLOOKUP($A372,hospital_details,5,0) -> 27598.93 | P372: =VLOOKUP($A372,hospital_details,6,0) -> tier - 2 | Q372: =VLOOKUP($A372,hospital_details,7,0) -> tier - 1 | R372: =VLOOKUP($A372,hospital_details,8,0) -> R1011
A373: ID372 | B373: =VLOOKUP($A373,[1]!Customer_Names[#Data],3,0) -> Taylor | C373: 16.3 | D373: {=_xlfn.IFS(Healthcare!$C373<18.5,"under weight",Healthcare!$C373<=24.9,"Normal Weight",Healthcare!$C373>=25,"overweight",Healthcare!$C373>=30,"obese")} -> under weight | E373: 5.51 | F373: {=_xlfn.IFS(Healthcare!$E373<5.7,"normal",Healthcare!$E373<=6.4,"prediabetes",Healthcare!$E373>=6.5,"diabetes")} -> normal | G373: No | H373: No | I373: No | J373: 1 | K373: yes | L373: =VLOOKUP(Healthcare!$A373,hospital_details,2,0) -> 22-Jul-1984 | M373: =VLOOKUP(A373,hospital_details,3,0) -> 42 | N373: =VLOOKUP($A373,hospital_details,4,0) -> 3 | O373: =VLOOKUP($A373,hospital_details,5,0) -> 27534.53 | P373: =VLOOKUP($A373,hospital_details,6,0) -> tier - 2 | Q373: =VLOOKUP($A373,hospital_details,7,0) -> tier - 2 | R373: =VLOOKUP($A373,hospital_details,8,0) -> R1011
A374: ID373 | B374: =VLOOKUP($A374,[1]!Customer_Names[#Data],3,0) -> Tenielle M | C374: 29.81 | D374: {=_xlfn.IFS(Healthcare!$C374<18.5,"under weight",Healthcare!$C374<=24.9,"Normal Weight",Healthcare!$C374>=25,"overweight",Healthcare!$C374>=30,"obese")} -> overweight | E374: 11.66 | F374: {=_xlfn.IFS(Healthcare!$E374<5.7,"normal",Healthcare!$E374<=6.4,"prediabetes",Healthcare!$E374>=6.5,"diabetes")} -> diabetes | G374: No | H374: No | I374: No | J374: 0 | K374: yes | L374: =VLOOKUP(Healthcare!$A374,hospital_details,2,0) -> 19-Oct-1965 | M374: =VLOOKUP(A374,hospital_details,3,0) -> 60 | N374: =VLOOKUP($A374,hospital_details,4,0) -> 0 | O374: =VLOOKUP($A374,hospital_details,5,0) -> 27533.91 | P374: =VLOOKUP($A374,hospital_details,6,0) -> tier - 2 | Q374: =VLOOKUP($A374,hospital_details,7,0) -> tier - 3 | R374: =VLOOKUP($A374,hospital_details,8,0) -> R1013
A375: ID374 | B375: =VLOOKUP($A375,[1]!Customer_Names[#Data],3,0) -> Andrea | C375: 16.33 | D375: {=_xlfn.IFS(Healthcare!$C375<18.5,"under weight",Healthcare!$C375<=24.9,"Normal Weight",Healthcare!$C375>=25,"overweight",Healthcare!$C375>=30,"obese")} -> under weight | E375: 7.26 | F375: {=_xlfn.IFS(Healthcare!$E375<5.7,"normal",Healthcare!$E375<=6.4,"prediabetes",Healthcare!$E375>=6.5,"diabetes")} -> diabetes | G375: yes | H375: No | I375: No | J375: 0 | K375: yes | L375: =VLOOKUP(Healthcare!$A375,hospital_details,2,0) -> 3-Oct-1981 | M375: =VLOOKUP(A375,hospital_details,3,0) -> 45 | N375: =VLOOKUP($A375,hospital_details,4,0) -> 1 | O375: =VLOOKUP($A375,hospital_details,5,0) -> 27495.59 | P375: =VLOOKUP($A375,hospital_details,6,0) -> tier - 2 | Q375: =VLOOKUP($A375,hospital_details,7,0) -> tier - 1 | R375: =VLOOKUP($A375,hospital_details,8,0) -> R1011
A376: ID375 | B376: =VLOOKUP($A376,[1]!Customer_Names[#Data],3,0) -> Nora P | C376: 16.37 | D376: {=_xlfn.IFS(Healthcare!$C376<18.5,"under weight",Healthcare!$C376<=24.9,"Normal Weight",Healthcare!$C376>=25,"overweight",Healthcare!$C376>=30,"obese")} -> under weight | E376: 4.79 | F376: {=_xlfn.IFS(Healthcare!$E376<5.7,"normal",Healthcare!$E376<=6.4,"prediabetes",Healthcare!$E376>=6.5,"diabetes")} -> normal | G376: yes | H376: No | I376: No | J376: 0 | K376: yes | L376: =VLOOKUP(Healthcare!$A376,hospital_details,2,0) -> 5-Dec-1985 | M376: =VLOOKUP(A376,hospital_details,3,0) -> 40 | N376: =VLOOKUP($A376,hospital_details,4,0) -> 3 | O376: =VLOOKUP($A376,hospital_details,5,0) -> 27432.73 | P376: =VLOOKUP($A376,hospital_details,6,0) -> tier - 2 | Q376: =VLOOKUP($A376,hospital_details,7,0) -> tier - 1 | R376: =VLOOKUP($A376,hospital_details,8,0) -> R1011
A377: ID376 | B377: =VLOOKUP($A377,[1]!Customer_Names[#Data],3,0) -> Zachary | C377: 22.42 | D377: {=_xlfn.IFS(Healthcare!$C377<18.5,"under weight",Healthcare!$C377<=24.9,"Normal Weight",Healthcare!$C377>=25,"overweight",Healthcare!$C377>=30,"obese")} -> Normal Weight | E377: 4.68 | F377: {=_xlfn.IFS(Healthcare!$E377<5.7,"normal",Healthcare!$E377<=6.4,"prediabetes",Healthcare!$E377>=6.5,"diabetes")} -> normal | G377: yes | H377: No | I377: No | J377: 1 | K377: No | L377: =VLOOKUP(Healthcare!$A377,hospital_details,2,0) -> 15-Sep-1988 | M377: =VLOOKUP(A377,hospital_details,3,0) -> 38 | N377: =VLOOKUP($A377,hospital_details,4,0) -> 2 | O377: =VLOOKUP($A377,hospital_details,5,0) -> 27375.9 | P377: =VLOOKUP($A377,hospital_details,6,0) -> tier - 2 | Q377: =VLOOKUP($A377,hospital_details,7,0) -> tier - 3 | R377: =VLOOKUP($A377,hospital_details,8,0) -> R1015
A378: ID377 | B378: =VLOOKUP($A378,[1]!Customer_Names[#Data],3,0) -> Michael | C378: 31.35 | D378: {=_xlfn.IFS(Healthcare!$C378<18.5,"under weight",Healthcare!$C378<=24.9,"Normal Weight",Healthcare!$C378>=25,"overweight",Healthcare!$C378>=30,"obese")} -> overweight | E378: 4.33 | F378: {=_xlfn.IFS(Healthcare!$E378<5.7,"normal",Healthcare!$E378<=6.4,"prediabetes",Healthcare!$E378>=6.5,"diabetes")} -> normal | G378: yes | H378: No | I378: Yes | J378: 1 | K378: No | L378: =VLOOKUP(Healthcare!$A378,hospital_details,2,0) -> 16-Oct-1969 | M378: =VLOOKUP(A378,hospital_details,3,0) -> 57 | N378: =VLOOKUP($A378,hospital_details,4,0) -> 0 | O378: =VLOOKUP($A378,hospital_details,5,0) -> 27346.04 | P378: =VLOOKUP($A378,hospital_details,6,0) -> tier - 2 | Q378: =VLOOKUP($A378,hospital_details,7,0) -> tier - 2 | R378: =VLOOKUP($A378,hospital_details,8,0) -> R1013
A379: ID378 | B379: =VLOOKUP($A379,[1]!Customer_Names[#Data],3,0) -> Alyssa K | C379: 31.9 | D379: {=_xlfn.IFS(Healthcare!$C379<18.5,"under weight",Healthcare!$C379<=24.9,"Normal Weight",Healthcare!$C379>=25,"overweight",Healthcare!$C379>=30,"obese")} -> overweight | E379: 11.89 | F379: {=_xlfn.IFS(Healthcare!$E379<5.7,"normal",Healthcare!$E379<=6.4,"prediabetes",Healthcare!$E379>=6.5,"diabetes")} -> diabetes | G379: No | H379: No | I379: No | J379: 0 | K379: No | L379: =VLOOKUP(Healthcare!$A379,hospital_details,2,0) -> 6-Jun-1968 | M379: =VLOOKUP(A379,hospital_details,3,0) -> 58 | N379: =VLOOKUP($A379,hospital_details,4,0) -> 3 | O379: =VLOOKUP($A379,hospital_details,5,0) -> 27322.73 | P379: =VLOOKUP($A379,hospital_details,6,0) -> tier - 2 | Q379: =VLOOKUP($A379,hospital_details,7,0) -> tier - 2 | R379: =VLOOKUP($A379,hospital_details,8,0) -> R1013
A380: ID379 | B380: =VLOOKUP($A380,[1]!Customer_Names[#Data],3,0) -> Heather | C380: 30.6 | D380: {=_xlfn.IFS(Healthcare!$C380<18.5,"under weight",Healthcare!$C380<=24.9,"Normal Weight",Healthcare!$C380>=25,"overweight",Healthcare!$C380>=30,"obese")} -> overweight | E380: 5.24 | F380: {=_xlfn.IFS(Healthcare!$E380<5.7,"normal",Healthcare!$E380<=6.4,"prediabetes",Healthcare!$E380>=6.5,"diabetes")} -> normal | G380: No | H380: No | I380: No | J380: 0 | K380: yes | L380: =VLOOKUP(Healthcare!$A380,hospital_details,2,0) -> 2-Dec-1999 | M380: =VLOOKUP(A380,hospital_details,3,0) -> 26 | N380: =VLOOKUP($A380,hospital_details,4,0) -> 0 | O380: =VLOOKUP($A380,hospital_details,5,0) -> 27236.96 | P380: =VLOOKUP($A380,hospital_details,6,0) -> tier - 2 | Q380: =VLOOKUP($A380,hospital_details,7,0) -> tier - 1 | R380: =VLOOKUP($A380,hospital_details,8,0) -> R1011
A381: ID380 | B381: =VLOOKUP($A381,[1]!Customer_Names[#Data],3,0) -> Dante | C381: 28.975 | D381: {=_xlfn.IFS(Healthcare!$C381<18.5,"under weight",Healthcare!$C381<=24.9,"Normal Weight",Healthcare!$C381>=25,"overweight",Healthcare!$C381>=30,"obese")} -> overweight | E381: 7.63 | F381: {=_xlfn.IFS(Healthcare!$E381<5.7,"normal",Healthcare!$E381<=6.4,"prediabetes",Healthcare!$E381>=6.5,"diabetes")} -> diabetes | G381: No | H381: No | I381: No | J381: 0 | K381: yes | L381: =VLOOKUP(Healthcare!$A381,hospital_details,2,0) -> 21-Dec-1965 | M381: =VLOOKUP(A381,hospital_details,3,0) -> 60 | N381: =VLOOKUP($A381,hospital_details,4,0) -> 0 | O381: =VLOOKUP($A381,hospital_details,5,0) -> 27218.44 | P381: =VLOOKUP($A381,hospital_details,6,0) -> tier - 2 | Q381: =VLOOKUP($A381,hospital_details,7,0) -> tier - 1 | R381: =VLOOKUP($A381,hospital_details,8,0) -> R1017
A382: ID381 | B382: =VLOOKUP($A382,[1]!Customer_Names[#Data],3,0) -> Sara E | C382: 24.86 | D382: {=_xlfn.IFS(Healthcare!$C382<18.5,"under weight",Healthcare!$C382<=24.9,"Normal Weight",Healthcare!$C382>=25,"overweight",Healthcare!$C382>=30,"obese")} -> Normal Weight | E382: 8.92 | F382: {=_xlfn.IFS(Healthcare!$E382<5.7,"normal",Healthcare!$E382<=6.4,"prediabetes",Healthcare!$E382>=6.5,"diabetes")} -> diabetes | G382: yes | H382: No | I382: No | J382: 2 | K382: No | L382: =VLOOKUP(Healthcare!$A382,hospital_details,2,0) -> 2-Oct-1970 | M382: =VLOOKUP(A382,hospital_details,3,0) -> 56 | N382: =VLOOKUP($A382,hospital_details,4,0) -> 0 | O382: =VLOOKUP($A382,hospital_details,5,0) -> 27117.99 | P382: =VLOOKUP($A382,hospital_details,6,0) -> tier - 2 | Q382: =VLOOKUP($A382,hospital_details,7,0) -> tier - 2 | R382: =VLOOKUP($A382,hospital_details,8,0) -> R1013
... A442: ID441 | B442: =VLOOKUP($A442,[1]!Customer_Names[#Data],3,0) -> Denise M | C442: 22.88 | D442: {=_xlfn.IFS(Healthcare!$C442<18.5,"under weight",Healthcare!$C442<=24.9,"Normal Weight",Healthcare!$C442>=25,"overweight",Healthcare!$C442>=30,"obese")} -> Normal Weight | E442: 5.71 | F442: {=_xlfn.IFS(Healthcare!$E442<5.7,"normal",Healthcare!$E442<=6.4,"prediabetes",Healthcare!$E442>=6.5,"diabetes")} -> prediabetes | G442: yes | H442: No | I442: Yes | J442: 1 | K442: yes | L442: =VLOOKUP(Healthcare!$A442,hospital_details,2,0) -> 14-Nov-1969 | M442: =VLOOKUP(A442,hospital_details,3,0) -> 56 | N442: =VLOOKUP($A442,hospital_details,4,0) -> 1 | O442: =VLOOKUP($A442,hospital_details,5,0) -> 23244.79 | P442: =VLOOKUP($A442,hospital_details,6,0) -> tier - 2 | Q442: =VLOOKUP($A442,hospital_details,7,0) -> tier - 3 | R442: =VLOOKUP($A442,hospital_details,8,0) -> R1013
A443: ID442 | B443: =VLOOKUP($A443,[1]!Customer_Names[#Data],3,0) -> Peter R | C443: 24.985 | D443: {=_xlfn.IFS(Healthcare!$C2<18.5,"under weight",Healthcare!$C2<=24.9,"Normal Weight",Healthcare!$C2>=25,"overweight",Healthcare!$C2>=30,"obese")} -> overweight | E443: 4.43 | F443: {=_xlfn.IFS(Healthcare!$E443<5.7,"normal",Healthcare!$E443<=6.4,"prediabetes",Healthcare!$E443>=6.5,"diabetes")} -> normal | G443: yes | H443: No | I443: Yes | J443: 1 | K443: No | L443: =VLOOKUP(Healthcare!$A443,hospital_details,2,0) -> 7-Aug-1997 | M443: =VLOOKUP(A443,hospital_details,3,0) -> 29 | N443: =VLOOKUP($A443,hospital_details,4,0) -> 2 | O443: =VLOOKUP($A443,hospital_details,5,0) -> 23241.47 | P443: =VLOOKUP($A443,hospital_details,6,0) -> tier - 2 | Q443: =VLOOKUP($A443,hospital_details,7,0) -> tier - 3 | R443: =VLOOKUP($A443,hospital_details,8,0) -> R1018
A444: ID443 | B444: =VLOOKUP($A444,[1]!Customer_Names[#Data],3,0) -> Johnson K | C444: 33.1 | D444: {=_xlfn.IFS(Healthcare!$C444<18.5,"under weight",Healthcare!$C444<=24.9,"Normal Weight",Healthcare!$C444>=25,"overweight",Healthcare!$C444>=30,"obese")} -> overweight | E444: 5.52 | F444: {=_xlfn.IFS(Healthcare!$E444<5.7,"normal",Healthcare!$E444<=6.4,"prediabetes",Healthcare!$E444>=6.5,"diabetes")} -> normal | G444: No | H444: No | I444: Yes | J444: 1 | K444: No | L444: =VLOOKUP(Healthcare!$A444,hospital_details,2,0) -> 14-Dec-2003 | M444: =VLOOKUP(A444,hospital_details,3,0) -> 22 | N444: =VLOOKUP($A444,hospital_details,4,0) -> 0 | O444: =VLOOKUP($A444,hospital_details,5,0) -> 23082.96 | P444: =VLOOKUP($A444,hospital_details,6,0) -> tier - 2 | Q444: =VLOOKUP($A444,hospital_details,7,0) -> tier - 2 | R444: =VLOOKUP($A444,hospital_details,8,0) -> R1011
A445: ID444 | B445: =VLOOKUP($A445,[1]!Customer_Names[#Data],3,0) -> Katherine | C445: 27.83 | D445: {=_xlfn.IFS(Healthcare!$C445<18.5,"under weight",Healthcare!$C445<=24.9,"Normal Weight",Healthcare!$C445>=25,"overweight",Healthcare!$C445>=30,"obese")} -> overweight | E445: 9.2 | F445: {=_xlfn.IFS(Healthcare!$E445<5.7,"normal",Healthcare!$E445<=6.4,"prediabetes",Healthcare!$E445>=6.5,"diabetes")} -> diabetes | G445: yes | H445: No | I445: No | J445: 1 | K445: yes | L445: =VLOOKUP(Healthcare!$A445,hospital_details,2,0) -> 9-Sep-1975 | M445: =VLOOKUP(A445,hospital_details,3,0) -> 51 | N445: =VLOOKUP($A445,hospital_details,4,0) -> 0 | O445: =VLOOKUP($A445,hospital_details,5,0) -> 23065.42 | P445: =VLOOKUP($A445,hospital_details,6,0) -> tier - 2 | Q445: =VLOOKUP($A445,hospital_details,7,0) -> tier - 2 | R445: =VLOOKUP($A445,hospital_details,8,0) -> R1013
A446: ID445 | B446: =VLOOKUP($A446,[1]!Customer_Names[#Data],3,0) -> Lynda | C446: 30.875 | D446: {=_xlfn.IFS(Healthcare!$C446<18.5,"under weight",Healthcare!$C446<=24.9,"Normal Weight",Healthcare!$C446>=25,"overweight",Healthcare!$C446>=30,"obese")} -> overweight | E446: 10.97 | F446: {=_xlfn.IFS(Healthcare!$E446<5.7,"normal",Healthcare!$E446<=6.4,"prediabetes",Healthcare!$E446>=6.5,"diabetes")} -> diabetes | G446: yes | H446: No | I446: No | J446: 2 | K446: No | L446: =VLOOKUP(Healthcare!$A446,hospital_details,2,0) -> 9-Nov-1970 | M446: =VLOOKUP(A446,hospital_details,3,0) -> 55 | N446: =VLOOKUP($A446,hospital_details,4,0) -> 0 | O446: =VLOOKUP($A446,hospital_details,5,0) -> 23045.57 | P446: =VLOOKUP($A446,hospital_details,6,0) -> tier - 2 | Q446: =VLOOKUP($A446,hospital_details,7,0) -> tier - 2 | R446: =VLOOKUP($A446,hospital_details,8,0) -> R1024
A447: ID446 | B447: =VLOOKUP($A447,[1]!Customer_Names[#Data],3,0) -> Anthony | C447: 27.265 | D447: {=_xlfn.IFS(Healthcare!$C447<18.5,"under weight",Healthcare!$C447<=24.9,"Normal Weight",Healthcare!$C447>=25,"overweight",Healthcare!$C447>=30,"obese")} -> overweight | E447: 4.25 | F447: {=_xlfn.IFS(Healthcare!$E447<5.7,"normal",Healthcare!$E447<=6.4,"prediabetes",Healthcare!$E447>=6.5,"diabetes")} -> normal | G447: No | H447: No | I447: Yes | J447: 1 | K447: No | L447: =VLOOKUP(Healthcare!$A447,hospital_details,2,0) -> 25-Jul-2003 | M447: =VLOOKUP(A447,hospital_details,3,0) -> 23 | N447: =VLOOKUP($A447,hospital_details,4,0) -> 2 | O447: =VLOOKUP($A447,hospital_details,5,0) -> 22493.66 | P447: =VLOOKUP($A447,hospital_details,6,0) -> tier - 2 | Q447: =VLOOKUP($A447,hospital_details,7,0) -> tier - 1 | R447: =VLOOKUP($A447,hospital_details,8,0) -> R1012
A448: ID447 | B448: =VLOOKUP($A448,[1]!Customer_Names[#Data],3,0) -> Linnea C | C448: 26.7 | D448: {=_xlfn.IFS(Healthcare!$C448<18.5,"under weight",Healthcare!$C448<=24.9,"Normal Weight",Healthcare!$C448>=25,"overweight",Healthcare!$C448>=30,"obese")} -> overweight | E448: 5.23 | F448: {=_xlfn.IFS(Healthcare!$E448<5.7,"normal",Healthcare!$E448<=6.4,"prediabetes",Healthcare!$E448>=6.5,"diabetes")} -> normal | G448: No | H448: No | I448: Yes | J448: 1 | K448: yes | L448: =VLOOKUP(Healthcare!$A448,hospital_details,2,0) -> 14-Nov-1979 | M448: =VLOOKUP(A448,hospital_details,3,0) -> 46 | N448: =VLOOKUP($A448,hospital_details,4,0) -> 2 | O448: =VLOOKUP($A448,hospital_details,5,0) -> 22478.6 | P448: =VLOOKUP($A448,hospital_details,6,0) -> tier - 3 | Q448: =VLOOKUP($A448,hospital_details,7,0) -> tier - 2 | R448: =VLOOKUP($A448,hospital_details,8,0) -> R1011
A449: ID448 | B449: =VLOOKUP($A449,[1]!Customer_Names[#Data],3,0) -> Massimiliano A | C449: 29.925 | D449: {=_xlfn.IFS(Healthcare!$C449<18.5,"under weight",Healthcare!$C449<=24.9,"Normal Weight",Healthcare!$C449>=25,"overweight",Healthcare!$C449>=30,"obese")} -> overweight | E449: 5.96 | F449: {=_xlfn.IFS(Healthcare!$E449<5.7,"normal",Healthcare!$E449<=6.4,"prediabetes",Healthcare!$E449>=6.5,"diabetes")} -> prediabetes | G449: yes | H449: No | I449: Yes | J449: 1 | K449: yes | L449: =VLOOKUP(Healthcare!$A449,hospital_details,2,0) -> 21-Dec-1983 | M449: =VLOOKUP(A449,hospital_details,3,0) -> 42 | N449: =VLOOKUP($A449,hospital_details,4,0) -> 1 | O449: =VLOOKUP($A449,hospital_details,5,0) -> 22462.04 | P449: =VLOOKUP($A449,hospital_details,6,0) -> tier - 3 | Q449: =VLOOKUP($A449,hospital_details,7,0) -> tier - 1 | R449: =VLOOKUP($A449,hospital_details,8,0) -> R1019
A450: ID449 | B450: =VLOOKUP($A450,[1]!Customer_Names[#Data],3,0) -> James M | C450: 19.95 | D450: {=_xlfn.IFS(Healthcare!$C450<18.5,"under weight",Healthcare!$C450<=24.9,"Normal Weight",Healthcare!$C450>=25,"overweight",Healthcare!$C450>=30,"obese")} -> Normal Weight | E450: 4.29 | F450: {=_xlfn.IFS(Healthcare!$E450<5.7,"normal",Healthcare!$E450<=6.4,"prediabetes",Healthcare!$E450>=6.5,"diabetes")} -> normal | G450: yes | H450: No | I450: No | J450: 2 | K450: yes | L450: =VLOOKUP(Healthcare!$A450,hospital_details,2,0) -> 18-Aug-1966 | M450: =VLOOKUP(A450,hospital_details,3,0) -> 60 | N450: =VLOOKUP($A450,hospital_details,4,0) -> 0 | O450: =VLOOKUP($A450,hospital_details,5,0) -> 22412.65 | P450: =VLOOKUP($A450,hospital_details,6,0) -> tier - 3 | Q450: =VLOOKUP($A450,hospital_details,7,0) -> tier - 3 | R450: =VLOOKUP($A450,hospital_details,8,0) -> R1014
A451: ID450 | B451: =VLOOKUP($A451,[1]!Customer_Names[#Data],3,0) -> Lauren | C451: 24.225 | D451: {=_xlfn.IFS(Healthcare!$C451<18.5,"under weight",Healthcare!$C451<=24.9,"Normal Weight",Healthcare!$C451>=25,"overweight",Healthcare!$C451>=30,"obese")} -> Normal Weight | E451: 4.09 | F451: {=_xlfn.IFS(Healthcare!$E451<5.7,"normal",Healthcare!$E451<=6.4,"prediabetes",Healthcare!$E451>=6.5,"diabetes")} -> normal | G451: No | H451: No | I451: No | J451: 0 | K451: No | L451: =VLOOKUP(Healthcare!$A451,hospital_details,2,0) -> 26-Aug-1999 | M451: =VLOOKUP(A451,hospital_details,3,0) -> 27 | N451: =VLOOKUP($A451,hospital_details,4,0) -> 2 | O451: =VLOOKUP($A451,hospital_details,5,0) -> 22395.74 | P451: =VLOOKUP($A451,hospital_details,6,0) -> tier - 3 | Q451: =VLOOKUP($A451,hospital_details,7,0) -> tier - 2 | R451: =VLOOKUP($A451,hospital_details,8,0) -> R1024
A452: ID451 | B452: =VLOOKUP($A452,[1]!Customer_Names[#Data],3,0) -> Michele V | C452: 28.12 | D452: {=_xlfn.IFS(Healthcare!$C452<18.5,"under weight",Healthcare!$C452<=24.9,"Normal Weight",Healthcare!$C452>=25,"overweight",Healthcare!$C452>=30,"obese")} -> overweight | E452: 4.88 | F452: {=_xlfn.IFS(Healthcare!$E452<5.7,"normal",Healthcare!$E452<=6.4,"prediabetes",Healthcare!$E452>=6.5,"diabetes")} -> normal | G452: No | H452: No | I452: No | J452: 0 | K452: yes | L452: =VLOOKUP(Healthcare!$A452,hospital_details,2,0) -> 27-Dec-1982 | M452: =VLOOKUP(A452,hospital_details,3,0) -> 43 | N452: =VLOOKUP($A452,hospital_details,4,0) -> 1 | O452: =VLOOKUP($A452,hospital_details,5,0) -> 22331.57 | P452: =VLOOKUP($A452,hospital_details,6,0) -> tier - 2 | Q452: =VLOOKUP($A452,hospital_details,7,0) -> tier - 3 | R452: =VLOOKUP($A452,hospital_details,8,0) -> R1024
A453: ID452 | B453: =VLOOKUP($A453,[1]!Customer_Names[#Data],3,0) -> Xiao | C453: 23.21 | D453: {=_xlfn.IFS(Healthcare!$C453<18.5,"under weight",Healthcare!$C453<=24.9,"Normal Weight",Healthcare!$C453>=25,"overweight",Healthcare!$C453>=30,"obese")} -> Normal Weight | E453: 6.76 | F453: {=_xlfn.IFS(Healthcare!$E453<5.7,"normal",Healthcare!$E453<=6.4,"prediabetes",Healthcare!$E453>=6.5,"diabetes")} -> diabetes | G453: No | H453: No | I453: No | J453: 0 | K453: yes | L453: =VLOOKUP(Healthcare!$A453,hospital_details,2,0) -> 16-Jun-1971 | M453: =VLOOKUP(A453,hospital_details,3,0) -> 55 | N453: =VLOOKUP($A453,hospital_details,4,0) -> 1 | O453: =VLOOKUP($A453,hospital_details,5,0) -> 22218.11 | P453: =VLOOKUP($A453,hospital_details,6,0) -> tier - 2 | Q453: =VLOOKUP($A453,hospital_details,7,0) -> tier - 3 | R453: =VLOOKUP($A453,hospital_details,8,0) -> R1013
A454: ID453 | B454: =VLOOKUP($A454,[1]!Customer_Names[#Data],3,0) -> Harper L | C454: 23.98 | D454: {=_xlfn.IFS(Healthcare!$C454<18.5,"under weight",Healthcare!$C454<=24.9,"Normal Weight",Healthcare!$C454>=25,"overweight",Healthcare!$C454>=30,"obese")} -> Normal Weight | E454: 10.67 | F454: {=_xlfn.IFS(Healthcare!$E454<5.7,"normal",Healthcare!$E454<=6.4,"prediabetes",Healthcare!$E454>=6.5,"diabetes")} -> diabetes | G454: No | H454: No | I454: No | J454: 0 | K454: No | L454: =VLOOKUP(Healthcare!$A454,hospital_details,2,0) -> 24-Aug-1965 | M454: =VLOOKUP(A454,hospital_details,3,0) -> 61 | N454: =VLOOKUP($A454,hospital_details,4,0) -> 1 | O454: =VLOOKUP($A454,hospital_details,5,0) -> 22192.44 | P454: =VLOOKUP($A454,hospital_details,6,0) -> tier - 3 | Q454: =VLOOKUP($A454,hospital_details,7,0) -> tier - 1 | R454: =VLOOKUP($A454,hospital_details,8,0) -> R1013
A455: ID454 | B455: =VLOOKUP($A455,[1]!Customer_Names[#Data],3,0) -> Nick | C455: 30 | D455: {=_xlfn.IFS(Healthcare!$C455<18.5,"under weight",Healthcare!$C455<=24.9,"Normal Weight",Healthcare!$C455>=25,"overweight",Healthcare!$C455>=30,"obese")} -> overweight | E455: 6.21 | F455: {=_xlfn.IFS(Healthcare!$E455<5.7,"normal",Healthcare!$E455<=6.4,"prediabetes",Healthcare!$E455>=6.5,"diabetes")} -> prediabetes | G455: No | H455: No | I455: No | J455: 0 | K455: yes | L455: =VLOOKUP(Healthcare!$A455,hospital_details,2,0) -> 12-Sep-1980 | M455: =VLOOKUP(A455,hospital_details,3,0) -> 46 | N455: =VLOOKUP($A455,hospital_details,4,0) -> 0 | O455: =VLOOKUP($A455,hospital_details,5,0) -> 22144.03 | P455: =VLOOKUP($A455,hospital_details,6,0) -> tier - 2 | Q455: =VLOOKUP($A455,hospital_details,7,0) -> tier - 2 | R455: =VLOOKUP($A455,hospital_details,8,0) -> R1011
... A532: ID531 | B532: =VLOOKUP($A532,[1]!Customer_Names[#Data],3,0) -> Katie | C532: 30.4 | D532: {=_xlfn.IFS(Healthcare!$C532<18.5,"under weight",Healthcare!$C532<=24.9,"Normal Weight",Healthcare!$C532>=25,"overweight",Healthcare!$C532>=30,"obese")} -> overweight | E532: 4.07 | F532: {=_xlfn.IFS(Healthcare!$E532<5.7,"normal",Healthcare!$E532<=6.4,"prediabetes",Healthcare!$E532>=6.5,"diabetes")} -> normal | G532: yes | H532: No | I532: No | J532: 1 | K532: No | L532: =VLOOKUP(Healthcare!$A532,hospital_details,2,0) -> 28-Nov-1995 | M532: =VLOOKUP(A532,hospital_details,3,0) -> 30 | N532: =VLOOKUP($A532,hospital_details,4,0) -> 3 | O532: =VLOOKUP($A532,hospital_details,5,0) -> 18804.75 | P532: =VLOOKUP($A532,hospital_details,6,0) -> tier - 1 | Q532: =VLOOKUP($A532,hospital_details,7,0) -> tier - 1 | R532: =VLOOKUP($A532,hospital_details,8,0) -> R1012
A533: ID532 | B533: =VLOOKUP($A533,[1]!Customer_Names[#Data],3,0) -> Eric | C533: 20.13 | D533: {=_xlfn.IFS(Healthcare!$C533<18.5,"under weight",Healthcare!$C533<=24.9,"Normal Weight",Healthcare!$C533>=25,"overweight",Healthcare!$C533>=30,"obese")} -> Normal Weight | E533: 6.47 | F533: {=_xlfn.IFS(Healthcare!$E2<5.7,"normal",Healthcare!$E2<=6.4,"prediabetes",Healthcare!$E2>=6.5,"diabetes")} -> diabetes | G533: No | H533: No | I533: Yes | J533: 1 | K533: yes | L533: =VLOOKUP(Healthcare!$A533,hospital_details,2,0) -> 19-Nov-1979 | M533: =VLOOKUP(A533,hospital_details,3,0) -> 46 | N533: =VLOOKUP($A533,hospital_details,4,0) -> 2 | O533: =VLOOKUP($A533,hospital_details,5,0) -> 18767.74 | P533: =VLOOKUP($A533,hospital_details,6,0) -> tier - 1 | Q533: =VLOOKUP($A533,hospital_details,7,0) -> tier - 1 | R533: =VLOOKUP($A533,hospital_details,8,0) -> R1013
A534: ID533 | B534: =VLOOKUP($A534,[1]!Customer_Names[#Data],3,0) -> Cathryn | C534: 23.655 | D534: {=_xlfn.IFS(Healthcare!$C534<18.5,"under weight",Healthcare!$C534<=24.9,"Normal Weight",Healthcare!$C534>=25,"overweight",Healthcare!$C534>=30,"obese")} -> Normal Weight | E534: 5.14 | F534: {=_xlfn.IFS(Healthcare!$E534<5.7,"normal",Healthcare!$E534<=6.4,"prediabetes",Healthcare!$E534>=6.5,"diabetes")} -> normal | G534: No | H534: No | I534: No | J534: 1 | K534: yes | L534: =VLOOKUP(Healthcare!$A534,hospital_details,2,0) -> 27-Dec-1992 | M534: =VLOOKUP(A534,hospital_details,3,0) -> 33 | N534: =VLOOKUP($A534,hospital_details,4,0) -> 3 | O534: =VLOOKUP($A534,hospital_details,5,0) -> 18765.88 | P534: =VLOOKUP($A534,hospital_details,6,0) -> tier - 1 | Q534: =VLOOKUP($A534,hospital_details,7,0) -> tier - 2 | R534: =VLOOKUP($A534,hospital_details,8,0) -> R1012
A535: ID534 | B535: =VLOOKUP($A535,[1]!Customer_Names[#Data],3,0) -> Brendan | C535: 49.05 | D535: {=_xlfn.IFS(Healthcare!$C535<18.5,"under weight",Healthcare!$C535<=24.9,"Normal Weight",Healthcare!$C535>=25,"overweight",Healthcare!$C535>=30,"obese")} -> overweight | E535: 9.77 | F535: {=_xlfn.IFS(Healthcare!$E535<5.7,"normal",Healthcare!$E535<=6.4,"prediabetes",Healthcare!$E535>=6.5,"diabetes")} -> diabetes | G535: yes | H535: No | I535: No | J535: 0 | K535: No | L535: =VLOOKUP(Healthcare!$A535,hospital_details,2,0) -> 30-Aug-1967 | M535: =VLOOKUP(A535,hospital_details,3,0) -> 59 | N535: =VLOOKUP($A535,hospital_details,4,0) -> 0 | O535: =VLOOKUP($A535,hospital_details,5,0) -> 18694.69 | P535: =VLOOKUP($A535,hospital_details,6,0) -> tier - 1 | Q535: =VLOOKUP($A535,hospital_details,7,0) -> tier - 1 | R535: =VLOOKUP($A535,hospital_details,8,0) -> R1023
A536: ID535 | B536: =VLOOKUP($A536,[1]!Customer_Names[#Data],3,0) -> Shauna | C536: 51.94 | D536: {=_xlfn.IFS(Healthcare!$C536<18.5,"under weight",Healthcare!$C536<=24.9,"Normal Weight",Healthcare!$C536>=25,"overweight",Healthcare!$C536>=30,"obese")} -> overweight | E536: 8.8 | F536: {=_xlfn.IFS(Healthcare!$E536<5.7,"normal",Healthcare!$E536<=6.4,"prediabetes",Healthcare!$E536>=6.5,"diabetes")} -> diabetes | G536: yes | H536: No | I536: No | J536: 2 | K536: No | L536: =VLOOKUP(Healthcare!$A536,hospital_details,2,0) -> 17-Oct-1970 | M536: =VLOOKUP(A536,hospital_details,3,0) -> 56 | N536: =VLOOKUP($A536,hospital_details,4,0) -> 0 | O536: =VLOOKUP($A536,hospital_details,5,0) -> 18682.74 | P536: =VLOOKUP($A536,hospital_details,6,0) -> tier - 1 | Q536: =VLOOKUP($A536,hospital_details,7,0) -> tier - 3 | R536: =VLOOKUP($A536,hospital_details,8,0) -> R1012
A537: ID536 | B537: =VLOOKUP($A537,[1]!Customer_Names[#Data],3,0) -> Terence | C537: 29.83 | D537: {=_xlfn.IFS(Healthcare!$C537<18.5,"under weight",Healthcare!$C537<=24.9,"Normal Weight",Healthcare!$C537>=25,"overweight",Healthcare!$C537>=30,"obese")} -> overweight | E537: 5.84 | F537: {=_xlfn.IFS(Healthcare!$E537<5.7,"normal",Healthcare!$E537<=6.4,"prediabetes",Healthcare!$E537>=6.5,"diabetes")} -> prediabetes | G537: No | H537: No | I537: No | J537: 1 | K537: yes | L537: =VLOOKUP(Healthcare!$A537,hospital_details,2,0) -> 23-Sep-1998 | M537: =VLOOKUP(A537,hospital_details,3,0) -> 28 | N537: =VLOOKUP($A537,hospital_details,4,0) -> 0 | O537: =VLOOKUP($A537,hospital_details,5,0) -> 18648.42 | P537: =VLOOKUP($A537,hospital_details,6,0) -> tier - 1 | Q537: =VLOOKUP($A537,hospital_details,7,0) -> tier - 1 | R537: =VLOOKUP($A537,hospital_details,8,0) -> R1019
A538: ID537 | B538: =VLOOKUP($A538,[1]!Customer_Names[#Data],3,0) -> Marisol | C538: 22.6 | D538: {=_xlfn.IFS(Healthcare!$C538<18.5,"under weight",Healthcare!$C538<=24.9,"Normal Weight",Healthcare!$C538>=25,"overweight",Healthcare!$C538>=30,"obese")} -> Normal Weight | E538: 10.43 | F538: {=_xlfn.IFS(Healthcare!$E538<5.7,"normal",Healthcare!$E538<=6.4,"prediabetes",Healthcare!$E538>=6.5,"diabetes")} -> diabetes | G538: yes | H538: No | I538: No | J538: 1 | K538: yes | L538: =VLOOKUP(Healthcare!$A538,hospital_details,2,0) -> 12-Aug-1986 | M538: =VLOOKUP(A538,hospital_details,3,0) -> 40 | N538: =VLOOKUP($A538,hospital_details,4,0) -> 2 | O538: =VLOOKUP($A538,hospital_details,5,0) -> 18608.26 | P538: =VLOOKUP($A538,hospital_details,6,0) -> tier - 1 | Q538: =VLOOKUP($A538,hospital_details,7,0) -> tier - 3 | R538: =VLOOKUP($A538,hospital_details,8,0) -> R1011
A539: ID538 | B539: =VLOOKUP($A539,[1]!Customer_Names[#Data],3,0) -> Lindsay | C539: 46.69 | D539: {=_xlfn.IFS(Healthcare!$C539<18.5,"under weight",Healthcare!$C539<=24.9,"Normal Weight",Healthcare!$C539>=25,"overweight",Healthcare!$C539>=30,"obese")} -> overweight | E539: 4.25 | F539: {=_xlfn.IFS(Healthcare!$E539<5.7,"normal",Healthcare!$E539<=6.4,"prediabetes",Healthcare!$E539>=6.5,"diabetes")} -> normal | G539: yes | H539: No | I539: No | J539: 1 | K539: No | L539: =VLOOKUP(Healthcare!$A539,hospital_details,2,0) -> 26-Sep-1964 | M539: =VLOOKUP(A539,hospital_details,3,0) -> 62 | N539: =VLOOKUP($A539,hospital_details,4,0) -> 0 | O539: =VLOOKUP($A539,hospital_details,5,0) -> 18443.11 | P539: =VLOOKUP($A539,hospital_details,6,0) -> tier - 1 | Q539: =VLOOKUP($A539,hospital_details,7,0) -> tier - 2 | R539: =VLOOKUP($A539,hospital_details,8,0) -> R1012
A540: ID539 | B540: =VLOOKUP($A540,[1]!Customer_Names[#Data],3,0) -> Katie | C540: 28.49 | D540: {=_xlfn.IFS(Healthcare!$C540<18.5,"under weight",Healthcare!$C540<=24.9,"Normal Weight",Healthcare!$C540>=25,"overweight",Healthcare!$C540>=30,"obese")} -> overweight | E540: 4.89 | F540: {=_xlfn.IFS(Healthcare!$E540<5.7,"normal",Healthcare!$E540<=6.4,"prediabetes",Healthcare!$E540>=6.5,"diabetes")} -> normal | G540: No | H540: No | I540: No | J540: 0 | K540: yes | L540: =VLOOKUP(Healthcare!$A540,hospital_details,2,0) -> 15-Dec-1999 | M540: =VLOOKUP(A540,hospital_details,3,0) -> 26 | N540: =VLOOKUP($A540,hospital_details,4,0) -> 1 | O540: =VLOOKUP($A540,hospital_details,5,0) -> 18328.24 | P540: =VLOOKUP($A540,hospital_details,6,0) -> tier - 1 | Q540: =VLOOKUP($A540,hospital_details,7,0) -> tier - 2 | R540: =VLOOKUP($A540,hospital_details,8,0) -> R1013
A541: ID540 | B541: =VLOOKUP($A541,[1]!Customer_Names[#Data],3,0) -> Daniel | C541: 28.5 | D541: {=_xlfn.IFS(Healthcare!$C541<18.5,"under weight",Healthcare!$C541<=24.9,"Normal Weight",Healthcare!$C541>=25,"overweight",Healthcare!$C541>=30,"obese")} -> overweight | E541: 5.55 | F541: {=_xlfn.IFS(Healthcare!$E541<5.7,"normal",Healthcare!$E541<=6.4,"prediabetes",Healthcare!$E541>=6.5,"diabetes")} -> normal | G541: yes | H541: No | I541: No | J541: 1 | K541: yes | L541: =VLOOKUP(Healthcare!$A541,hospital_details,2,0) -> 4-Jul-1995 | M541: =VLOOKUP(A541,hospital_details,3,0) -> 31 | N541: =VLOOKUP($A541,hospital_details,4,0) -> 0 | O541: =VLOOKUP($A541,hospital_details,5,0) -> 18310.74 | P541: =VLOOKUP($A541,hospital_details,6,0) -> tier - 1 | Q541: =VLOOKUP($A541,hospital_details,7,0) -> tier - 3 | R541: =VLOOKUP($A541,hospital_details,8,0) -> R1012
A542: ID541 | B542: =VLOOKUP($A542,[1]!Customer_Names[#Data],3,0) -> Brett W | C542: 24.4 | D542: {=_xlfn.IFS(Healthcare!$C542<18.5,"under weight",Healthcare!$C542<=24.9,"Normal Weight",Healthcare!$C542>=25,"overweight",Healthcare!$C542>=30,"obese")} -> Normal Weight | E542: 4.52 | F542: {=_xlfn.IFS(Healthcare!$E542<5.7,"normal",Healthcare!$E542<=6.4,"prediabetes",Healthcare!$E542>=6.5,"diabetes")} -> normal | G542: No | H542: No | I542: No | J542: 1 | K542: yes | L542: =VLOOKUP(Healthcare!$A542,hospital_details,2,0) -> 25-Dec-1992 | M542: =VLOOKUP(A542,hospital_details,3,0) -> 33 | N542: =VLOOKUP($A542,hospital_details,4,0) -> 3 | O542: =VLOOKUP($A542,hospital_details,5,0) -> 18259.22 | P542: =VLOOKUP($A542,hospital_details,6,0) -> tier - 1 | Q542: =VLOOKUP($A542,hospital_details,7,0) -> tier - 3 | R542: =VLOOKUP($A542,hospital_details,8,0) -> R1011
A543: ID542 | B543: =VLOOKUP($A543,[1]!Customer_Names[#Data],3,0) -> Dylan J | C543: 29.15 | D543: {=_xlfn.IFS(Healthcare!$C543<18.5,"under weight",Healthcare!$C543<=24.9,"Normal Weight",Healthcare!$C543>=25,"overweight",Healthcare!$C543>=30,"obese")} -> overweight | E543: 4.45 | F543: {=_xlfn.IFS(Healthcare!$E543<5.7,"normal",Healthcare!$E543<=6.4,"prediabetes",Healthcare!$E543>=6.5,"diabetes")} -> normal | G543: yes | H543: No | I543: No | J543: 1 | K543: yes | L543: =VLOOKUP(Healthcare!$A543,hospital_details,2,0) -> 3-Aug-1995 | M543: =VLOOKUP(A543,hospital_details,3,0) -> 31 | N543: =VLOOKUP($A543,hospital_details,4,0) -> 0 | O543: =VLOOKUP($A543,hospital_details,5,0) -> 18246.5 | P543: =VLOOKUP($A543,hospital_details,6,0) -> tier - 1 | Q543: =VLOOKUP($A543,hospital_details,7,0) -> tier - 1 | R543: =VLOOKUP($A543,hospital_details,8,0) -> R1013
A544: ID543 | B544: =VLOOKUP($A544,[1]!Customer_Names[#Data],3,0) -> Elizabeth | C544: 27.28 | D544: {=_xlfn.IFS(Healthcare!$C544<18.5,"under weight",Healthcare!$C544<=24.9,"Normal Weight",Healthcare!$C544>=25,"overweight",Healthcare!$C544>=30,"obese")} -> overweight | E544: 4.72 | F544: {=_xlfn.IFS(Healthcare!$E544<5.7,"normal",Healthcare!$E544<=6.4,"prediabetes",Healthcare!$E544>=6.5,"diabetes")} -> normal | G544: No | H544: yes | I544: No | J544: 1 | K544: yes | L544: =VLOOKUP(Healthcare!$A544,hospital_details,2,0) -> 10-Sep-2004 | M544: =VLOOKUP(A544,hospital_details,3,0) -> 22 | N544: =VLOOKUP($A544,hospital_details,4,0) -> 3 | O544: =VLOOKUP($A544,hospital_details,5,0) -> 18223.45 | P544: =VLOOKUP($A544,hospital_details,6,0) -> tier - 1 | Q544: =VLOOKUP($A544,hospital_details,7,0) -> tier - 3 | R544: =VLOOKUP($A544,hospital_details,8,0) -> R1013
A545: ID544 | B545: =VLOOKUP($A545,[1]!Customer_Names[#Data],3,0) -> Brooke M | C545: 32.23 | D545: {=_xlfn.IFS(Healthcare!$C545<18.5,"under weight",Healthcare!$C545<=24.9,"Normal Weight",Healthcare!$C545>=25,"overweight",Healthcare!$C545>=30,"obese")} -> overweight | E545: 4.65 | F545: {=_xlfn.IFS(Healthcare!$E545<5.7,"normal",Healthcare!$E545<=6.4,"prediabetes",Healthcare!$E545>=6.5,"diabetes")} -> normal | G545: yes | H545: No | I545: Yes | J545: 1 | K545: No | L545: =VLOOKUP(Healthcare!$A545,hospital_details,2,0) -> 15-Jun-1997 | M545: =VLOOKUP(A545,hospital_details,3,0) -> 29 | N545: =VLOOKUP($A545,hospital_details,4,0) -> 1 | O545: =VLOOKUP($A545,hospital_details,5,0) -> 18218.16 | P545: =VLOOKUP($A545,hospital_details,6,0) -> tier - 1 | Q545: =VLOOKUP($A545,hospital_details,7,0) -> tier - 1 | R545: =VLOOKUP($A545,hospital_details,8,0) -> R1013
... A987: ID986 | B987: =VLOOKUP($A987,[1]!Customer_Names[#Data],3,0) -> Deanne | C987: 54.47 | D987: {=_xlfn.IFS(Healthcare!$C987<18.5,"under weight",Healthcare!$C987<=24.9,"Normal Weight",Healthcare!$C987>=25,"overweight",Healthcare!$C987>=30,"obese")} -> overweight | E987: 7.48 | F987: {=_xlfn.IFS(Healthcare!$E987<5.7,"normal",Healthcare!$E987<=6.4,"prediabetes",Healthcare!$E987>=6.5,"diabetes")} -> diabetes | G987: No | H987: No | I987: No | J987: 0 | K987: No | L987: =VLOOKUP(Healthcare!$A987,hospital_details,2,0) -> 20-Sep-2002 | M987: =VLOOKUP(A987,hospital_details,3,0) -> 24 | N987: =VLOOKUP($A987,hospital_details,4,0) -> 0 | O987: =VLOOKUP($A987,hospital_details,5,0) -> 11321.49 | P987: =VLOOKUP($A987,hospital_details,6,0) -> tier - 3 | Q987: =VLOOKUP($A987,hospital_details,7,0) -> tier - 3 | R987: =VLOOKUP($A987,hospital_details,8,0) -> R1012
A988: ID987 | B988: =VLOOKUP($A988,[1]!Customer_Names[#Data],3,0) -> Carrie | C988: 24.93 | D988: {=_xlfn.IFS(Healthcare!$C2<18.5,"under weight",Healthcare!$C2<=24.9,"Normal Weight",Healthcare!$C2>=25,"overweight",Healthcare!$C2>=30,"obese")} -> overweight | E988: 9.18 | F988: {=_xlfn.IFS(Healthcare!$E988<5.7,"normal",Healthcare!$E988<=6.4,"prediabetes",Healthcare!$E988>=6.5,"diabetes")} -> diabetes | G988: yes | H988: No | I988: Yes | J988: 1 | K988: No | L988: =VLOOKUP(Healthcare!$A988,hospital_details,2,0) -> 11-Jul-1963 | M988: =VLOOKUP(A988,hospital_details,3,0) -> 63 | N988: =VLOOKUP($A988,hospital_details,4,0) -> 0 | O988: =VLOOKUP($A988,hospital_details,5,0) -> 11319.12 | P988: =VLOOKUP($A988,hospital_details,6,0) -> tier - 3 | Q988: =VLOOKUP($A988,hospital_details,7,0) -> tier - 1 | R988: =VLOOKUP($A988,hospital_details,8,0) -> R1012
A989: ID988 | B989: =VLOOKUP($A989,[1]!Customer_Names[#Data],3,0) -> Suzanne | C989: 48.12 | D989: {=_xlfn.IFS(Healthcare!$C989<18.5,"under weight",Healthcare!$C989<=24.9,"Normal Weight",Healthcare!$C989>=25,"overweight",Healthcare!$C989>=30,"obese")} -> overweight | E989: 4.51 | F989: {=_xlfn.IFS(Healthcare!$E989<5.7,"normal",Healthcare!$E989<=6.4,"prediabetes",Healthcare!$E989>=6.5,"diabetes")} -> normal | G989: yes | H989: No | I989: No | J989: 1 | K989: No | L989: =VLOOKUP(Healthcare!$A989,hospital_details,2,0) -> 10-Dec-1995 | M989: =VLOOKUP(A989,hospital_details,3,0) -> 30 | N989: =VLOOKUP($A989,hospital_details,4,0) -> 0 | O989: =VLOOKUP($A989,hospital_details,5,0) -> 11318.57 | P989: =VLOOKUP($A989,hospital_details,6,0) -> tier - 3 | Q989: =VLOOKUP($A989,hospital_details,7,0) -> tier - 2 | R989: =VLOOKUP($A989,hospital_details,8,0) -> R1026
A990: ID989 | B990: =VLOOKUP($A990,[1]!Customer_Names[#Data],3,0) -> Jasmine P | C990: 24.91 | D990: {=_xlfn.IFS(Healthcare!$C4<18.5,"under weight",Healthcare!$C4<=24.9,"Normal Weight",Healthcare!$C4>=25,"overweight",Healthcare!$C4>=30,"obese")} -> overweight | E990: 7.33 | F990: {=_xlfn.IFS(Healthcare!$E990<5.7,"normal",Healthcare!$E990<=6.4,"prediabetes",Healthcare!$E990>=6.5,"diabetes")} -> diabetes | G990: yes | H990: No | I990: Yes | J990: 1 | K990: No | L990: =VLOOKUP(Healthcare!$A990,hospital_details,2,0) -> 22-Nov-1963 | M990: =VLOOKUP(A990,hospital_details,3,0) -> 62 | N990: =VLOOKUP($A990,hospital_details,4,0) -> 0 | O990: =VLOOKUP($A990,hospital_details,5,0) -> 11312.33 | P990: =VLOOKUP($A990,hospital_details,6,0) -> tier - 3 | Q990: =VLOOKUP($A990,hospital_details,7,0) -> tier - 3 | R990: =VLOOKUP($A990,hospital_details,8,0) -> R1012
A991: ID990 | B991: =VLOOKUP($A991,[1]!Customer_Names[#Data],3,0) -> Jennifer | C991: 27.645 | D991: {=_xlfn.IFS(Healthcare!$C991<18.5,"under weight",Healthcare!$C991<=24.9,"Normal Weight",Healthcare!$C991>=25,"overweight",Healthcare!$C991>=30,"obese")} -> overweight | E991: 10.56 | F991: {=_xlfn.IFS(Healthcare!$E991<5.7,"normal",Healthcare!$E991<=6.4,"prediabetes",Healthcare!$E991>=6.5,"diabetes")} -> diabetes | G991: No | H991: No | I991: No | J991: 0 | K991: No | L991: =VLOOKUP(Healthcare!$A991,hospital_details,2,0) -> 6-Oct-1968 | M991: =VLOOKUP(A991,hospital_details,3,0) -> 58 | N991: =VLOOKUP($A991,hospital_details,4,0) -> 1 | O991: =VLOOKUP($A991,hospital_details,5,0) -> 11305.93 | P991: =VLOOKUP($A991,hospital_details,6,0) -> tier - 3 | Q991: =VLOOKUP($A991,hospital_details,7,0) -> tier - 1 | R991: =VLOOKUP($A991,hospital_details,8,0) -> R1012
A992: ID991 | B992: =VLOOKUP($A992,[1]!Customer_Names[#Data],3,0) -> Tracie | C992: 33.7 | D992: {=_xlfn.IFS(Healthcare!$C992<18.5,"under weight",Healthcare!$C992<=24.9,"Normal Weight",Healthcare!$C992>=25,"overweight",Healthcare!$C992>=30,"obese")} -> overweight | E992: 4.01 | F992: {=_xlfn.IFS(Healthcare!$E992<5.7,"normal",Healthcare!$E992<=6.4,"prediabetes",Healthcare!$E992>=6.5,"diabetes")} -> normal | G992: No | H992: No | I992: No | J992: 2 | K992: No | L992: =VLOOKUP(Healthcare!$A992,hospital_details,2,0) -> 25-Sep-1972 | M992: =VLOOKUP(A992,hospital_details,3,0) -> 54 | N992: =VLOOKUP($A992,hospital_details,4,0) -> 4 | O992: =VLOOKUP($A992,hospital_details,5,0) -> 11299.34 | P992: =VLOOKUP($A992,hospital_details,6,0) -> tier - 3 | Q992: =VLOOKUP($A992,hospital_details,7,0) -> tier - 2 | R992: =VLOOKUP($A992,hospital_details,8,0) -> R1011
A993: ID992 | B993: =VLOOKUP($A993,[1]!Customer_Names[#Data],3,0) -> Tristan D | C993: 38.93 | D993: {=_xlfn.IFS(Healthcare!$C993<18.5,"under weight",Healthcare!$C993<=24.9,"Normal Weight",Healthcare!$C993>=25,"overweight",Healthcare!$C993>=30,"obese")} -> overweight | E993: 5.64 | F993: {=_xlfn.IFS(Healthcare!$E993<5.7,"normal",Healthcare!$E993<=6.4,"prediabetes",Healthcare!$E993>=6.5,"diabetes")} -> normal | G993: yes | H993: No | I993: No | J993: 1 | K993: No | L993: =VLOOKUP(Healthcare!$A993,hospital_details,2,0) -> 14-Nov-1988 | M993: =VLOOKUP(A993,hospital_details,3,0) -> 37 | N993: =VLOOKUP($A993,hospital_details,4,0) -> 3 | O993: =VLOOKUP($A993,hospital_details,5,0) -> 11294.57 | P993: =VLOOKUP($A993,hospital_details,6,0) -> tier - 3 | Q993: =VLOOKUP($A993,hospital_details,7,0) -> tier - 1 | R993: =VLOOKUP($A993,hospital_details,8,0) -> R1022
A994: ID993 | B994: =VLOOKUP($A994,[1]!Customer_Names[#Data],3,0) -> Peiweng | C994: 32.775 | D994: {=_xlfn.IFS(Healthcare!$C994<18.5,"under weight",Healthcare!$C994<=24.9,"Normal Weight",Healthcare!$C994>=25,"overweight",Healthcare!$C994>=30,"obese")} -> overweight | E994: 8.02 | F994: {=_xlfn.IFS(Healthcare!$E994<5.7,"normal",Healthcare!$E994<=6.4,"prediabetes",Healthcare!$E994>=6.5,"diabetes")} -> diabetes | G994: yes | H994: No | I994: No | J994: 2 | K994: No | L994: =VLOOKUP(Healthcare!$A994,hospital_details,2,0) -> 22-Jun-1970 | M994: =VLOOKUP(A994,hospital_details,3,0) -> 56 | N994: =VLOOKUP($A994,hospital_details,4,0) -> 3 | O994: =VLOOKUP($A994,hospital_details,5,0) -> 11289.11 | P994: =VLOOKUP($A994,hospital_details,6,0) -> tier - 3 | Q994: =VLOOKUP($A994,hospital_details,7,0) -> tier - 1 | R994: =VLOOKUP($A994,hospital_details,8,0) -> R1012
A995: ID994 | B995: =VLOOKUP($A995,[1]!Customer_Names[#Data],3,0) -> Theresa M | C995: 29.83 | D995: {=_xlfn.IFS(Healthcare!$C995<18.5,"under weight",Healthcare!$C995<=24.9,"Normal Weight",Healthcare!$C995>=25,"overweight",Healthcare!$C995>=30,"obese")} -> overweight | E995: 7.2 | F995: {=_xlfn.IFS(Healthcare!$E995<5.7,"normal",Healthcare!$E995<=6.4,"prediabetes",Healthcare!$E995>=6.5,"diabetes")} -> diabetes | G995: yes | H995: No | I995: No | J995: 0 | K995: No | L995: =VLOOKUP(Healthcare!$A995,hospital_details,2,0) -> 14-Jun-1967 | M995: =VLOOKUP(A995,hospital_details,3,0) -> 59 | N995: =VLOOKUP($A995,hospital_details,4,0) -> 0 | O995: =VLOOKUP($A995,hospital_details,5,0) -> 11286.54 | P995: =VLOOKUP($A995,hospital_details,6,0) -> tier - 3 | Q995: =VLOOKUP($A995,hospital_details,7,0) -> tier - 3 | R995: =VLOOKUP($A995,hospital_details,8,0) -> R1024
A996: ID995 | B996: =VLOOKUP($A996,[1]!Customer_Names[#Data],3,0) -> Daniel J | C996: 28.31 | D996: {=_xlfn.IFS(Healthcare!$C996<18.5,"under weight",Healthcare!$C996<=24.9,"Normal Weight",Healthcare!$C996>=25,"overweight",Healthcare!$C996>=30,"obese")} -> overweight | E996: 4.55 | F996: {=_xlfn.IFS(Healthcare!$E996<5.7,"normal",Healthcare!$E996<=6.4,"prediabetes",Healthcare!$E996>=6.5,"diabetes")} -> normal | G996: No | H996: yes | I996: No | J996: 1 | K996: No | L996: =VLOOKUP(Healthcare!$A996,hospital_details,2,0) -> 4-Oct-2004 | M996: =VLOOKUP(A996,hospital_details,3,0) -> 22 | N996: =VLOOKUP($A996,hospital_details,4,0) -> 1 | O996: =VLOOKUP($A996,hospital_details,5,0) -> 11272.33 | P996: =VLOOKUP($A996,hospital_details,6,0) -> tier - 3 | Q996: =VLOOKUP($A996,hospital_details,7,0) -> tier - 2 | R996: =VLOOKUP($A996,hospital_details,8,0) -> R1019
A997: ID996 | B997: =VLOOKUP($A997,[1]!Customer_Names[#Data],3,0) -> Courtney M | C997: 29.79 | D997: {=_xlfn.IFS(Healthcare!$C997<18.5,"under weight",Healthcare!$C997<=24.9,"Normal Weight",Healthcare!$C997>=25,"overweight",Healthcare!$C997>=30,"obese")} -> overweight | E997: 9.03 | F997: {=_xlfn.IFS(Healthcare!$E997<5.7,"normal",Healthcare!$E997<=6.4,"prediabetes",Healthcare!$E997>=6.5,"diabetes")} -> diabetes | G997: No | H997: No | I997: No | J997: 0 | K997: No | L997: =VLOOKUP(Healthcare!$A997,hospital_details,2,0) -> 26-Dec-1971 | M997: =VLOOKUP(A997,hospital_details,3,0) -> 54 | N997: =VLOOKUP($A997,hospital_details,4,0) -> 0 | O997: =VLOOKUP($A997,hospital_details,5,0) -> 11265.71 | P997: =VLOOKUP($A997,hospital_details,6,0) -> tier - 3 | Q997: =VLOOKUP($A997,hospital_details,7,0) -> tier - 1 | R997: =VLOOKUP($A997,hospital_details,8,0) -> R1025
A998: ID997 | B998: =VLOOKUP($A998,[1]!Customer_Names[#Data],3,0) -> Jose A | C998: 36.6 | D998: {=_xlfn.IFS(Healthcare!$C998<18.5,"under weight",Healthcare!$C998<=24.9,"Normal Weight",Healthcare!$C998>=25,"overweight",Healthcare!$C998>=30,"obese")} -> overweight | E998: 5.2 | F998: {=_xlfn.IFS(Healthcare!$E998<5.7,"normal",Healthcare!$E998<=6.4,"prediabetes",Healthcare!$E998>=6.5,"diabetes")} -> normal | G998: yes | H998: No | I998: Yes | J998: 1 | K998: No | L998: =VLOOKUP(Healthcare!$A998,hospital_details,2,0) -> 11-Oct-1969 | M998: =VLOOKUP(A998,hospital_details,3,0) -> 57 | N998: =VLOOKUP($A998,hospital_details,4,0) -> 3 | O998: =VLOOKUP($A998,hospital_details,5,0) -> 11264.54 | P998: =VLOOKUP($A998,hospital_details,6,0) -> tier - 3 | Q998: =VLOOKUP($A998,hospital_details,7,0) -> tier - 2 | R998: =VLOOKUP($A998,hospital_details,8,0) -> R1011
A999: ID998 | B999: =VLOOKUP($A999,[1]!Customer_Names[#Data],3,0) -> Lauren | C999: 35.93 | D999: {=_xlfn.IFS(Healthcare!$C999<18.5,"under weight",Healthcare!$C999<=24.9,"Normal Weight",Healthcare!$C999>=25,"overweight",Healthcare!$C999>=30,"obese")} -> overweight | E999: 8.3 | F999: {=_xlfn.IFS(Healthcare!$E999<5.7,"normal",Healthcare!$E999<=6.4,"prediabetes",Healthcare!$E999>=6.5,"diabetes")} -> diabetes | G999: yes | H999: No | I999: No | J999: 0 | K999: No | L999: =VLOOKUP(Healthcare!$A999,hospital_details,2,0) -> 2-Oct-1981 | M999: =VLOOKUP(A999,hospital_details,3,0) -> 45 | N999: =VLOOKUP($A999,hospital_details,4,0) -> 1 | O999: =VLOOKUP($A999,hospital_details,5,0) -> 11255.29 | P999: =VLOOKUP($A999,hospital_details,6,0) -> tier - 3 | Q999: =VLOOKUP($A999,hospital_details,7,0) -> tier - 1 | R999: =VLOOKUP($A999,hospital_details,8,0) -> R1026
A1000: ID999 | B1000: =VLOOKUP($A1000,[1]!Customer_Names[#Data],3,0) -> Jonathon M | C1000: 28.6 | D1000: {=_xlfn.IFS(Healthcare!$C1000<18.5,"under weight",Healthcare!$C1000<=24.9,"Normal Weight",Healthcare!$C1000>=25,"overweight",Healthcare!$C1000>=30,"obese")} -> overweight | E1000: 5.56 | F1000: {=_xlfn.IFS(Healthcare!$E1000<5.7,"normal",Healthcare!$E1000<=6.4,"prediabetes",Healthcare!$E1000>=6.5,"diabetes")} -> normal | G1000: yes | H1000: No | I1000: Yes | J1000: 1 | K1000: No | L1000: =VLOOKUP(Healthcare!$A1000,hospital_details,2,0) -> 20-Aug-1969 | M1000: =VLOOKUP(A1000,hospital_details,3,0) -> 57 | N1000: =VLOOKUP($A1000,hospital_details,4,0) -> 3 | O1000: =VLOOKUP($A1000,hospital_details,5,0) -> 11253.42 | P1000: =VLOOKUP($A1000,hospital_details,6,0) -> tier - 3 | Q1000: =VLOOKUP($A1000,hospital_details,7,0) -> tier - 1 | R1000: =VLOOKUP($A1000,hospital_details,8,0) -> R1011
A1001: ID1000 | B1001: =VLOOKUP($A1001,[1]!Customer_Names[#Data],3,0) -> Stephanie A | C1001: 39.17 | D1001: {=_xlfn.IFS(Healthcare!$C1001<18.5,"under weight",Healthcare!$C1001<=24.9,"Normal Weight",Healthcare!$C1001>=25,"overweight",Healthcare!$C1001>=30,"obese")} -> overweight | E1001: 4.15 | F1001: {=_xlfn.IFS(Healthcare!$E1001<5.7,"normal",Healthcare!$E1001<=6.4,"prediabetes",Healthcare!$E1001>=6.5,"diabetes")} -> normal | G1001: No | H1001: No | I1001: No | J1001: 0 | K1001: No | L1001: =VLOOKUP(Healthcare!$A1001,hospital_details,2,0) -> 17-Dec-1989 | M1001: =VLOOKUP(A1001,hospital_details,3,0) -> 36 | N1001: =VLOOKUP($A1001,hospital_details,4,0) -> 3 | O1001: =VLOOKUP($A1001,hospital_details,5,0) -> 11250.43 | P1001: =VLOOKUP($A1001,hospital_details,6,0) -> tier - 3 | Q1001: =VLOOKUP($A1001,hospital_details,7,0) -> tier - 2 | R1001: =VLOOKUP($A1001,hospital_details,8,0) -> R1026
A1002: ID1001 | B1002: =VLOOKUP($A1002,[1]!Customer_Names[#Data],3,0) -> Patrick | C1002: 26.41 | D1002: {=_xlfn.IFS(Healthcare!$C1002<18.5,"under weight",Healthcare!$C1002<=24.9,"Normal Weight",Healthcare!$C1002>=25,"overweight",Healthcare!$C1002>=30,"obese")} -> overweight | E1002: 5.99 | F1002: {=_xlfn.IFS(Healthcare!$E1002<5.7,"normal",Healthcare!$E1002<=6.4,"prediabetes",Healthcare!$E1002>=6.5,"diabetes")} -> prediabetes | G1002: yes | H1002: No | I1002: Yes | J1002: 1 | K1002: No | L1002: =VLOOKUP(Healthcare!$A1002,hospital_details,2,0) -> 30-Dec-1969 | M1002: =VLOOKUP(A1002,hospital_details,3,0) -> 56 | N1002: =VLOOKUP($A1002,hospital_details,4,0) -> 2 | O1002: =VLOOKUP($A1002,hospital_details,5,0) -> 11244.38 | P1002: =VLOOKUP($A1002,hospital_details,6,0) -> tier - 3 | Q1002: =VLOOKUP($A1002,hospital_details,7,0) -> tier - 1 | R1002: =VLOOKUP($A1002,hospital_details,8,0) -> R1016
... A1255: ID1254 | B1255: =VLOOKUP($A1255,[1]!Customer_Names[#Data],3,0) -> Jennifer | C1255: 31.26 | D1255: {=_xlfn.IFS(Healthcare!$C1255<18.5,"under weight",Healthcare!$C1255<=24.9,"Normal Weight",Healthcare!$C1255>=25,"overweight",Healthcare!$C1255>=30,"obese")} -> overweight | E1255: 5.94 | F1255: {=_xlfn.IFS(Healthcare!$E1255<5.7,"normal",Healthcare!$E1255<=6.4,"prediabetes",Healthcare!$E1255>=6.5,"diabetes")} -> prediabetes | G1255: yes | H1255: No | I1255: No | J1255: 1 | K1255: No | L1255: =VLOOKUP(Healthcare!$A1255,hospital_details,2,0) -> 22-Aug-1988 | M1255: =VLOOKUP(A1255,hospital_details,3,0) -> 38 | N1255: =VLOOKUP($A1255,hospital_details,4,0) -> 3 | O1255: =VLOOKUP($A1255,hospital_details,5,0) -> 8824.27 | P1255: =VLOOKUP($A1255,hospital_details,6,0) -> tier - 2 | Q1255: =VLOOKUP($A1255,hospital_details,7,0) -> tier - 1 | R1255: =VLOOKUP($A1255,hospital_details,8,0) -> R1025
A1256: ID1255 | B1256: =VLOOKUP($A1256,[1]!Customer_Names[#Data],3,0) -> Maria S | C1256: 33.725 | D1256: {=_xlfn.IFS(Healthcare!$C1256<18.5,"under weight",Healthcare!$C1256<=24.9,"Normal Weight",Healthcare!$C1256>=25,"overweight",Healthcare!$C1256>=30,"obese")} -> overweight | E1256: 6.45 | F1256: {=_xlfn.IFS(Healthcare!$E725<5.7,"normal",Healthcare!$E725<=6.4,"prediabetes",Healthcare!$E725>=6.5,"diabetes")} -> diabetes | G1256: yes | H1256: No | I1256: No | J1256: 0 | K1256: No | L1256: =VLOOKUP(Healthcare!$A1256,hospital_details,2,0) -> 19-Oct-1976 | M1256: =VLOOKUP(A1256,hospital_details,3,0) -> 49 | N1256: =VLOOKUP($A1256,hospital_details,4,0) -> 1 | O1256: =VLOOKUP($A1256,hospital_details,5,0) -> 8823.99 | P1256: =VLOOKUP($A1256,hospital_details,6,0) -> tier - 2 | Q1256: =VLOOKUP($A1256,hospital_details,7,0) -> tier - 3 | R1256: =VLOOKUP($A1256,hospital_details,8,0) -> R1024
A1257: ID1256 | B1257: =VLOOKUP($A1257,[1]!Customer_Names[#Data],3,0) -> Katherine E | C1257: 28.9 | D1257: {=_xlfn.IFS(Healthcare!$C1257<18.5,"under weight",Healthcare!$C1257<=24.9,"Normal Weight",Healthcare!$C1257>=25,"overweight",Healthcare!$C1257>=30,"obese")} -> overweight | E1257: 5.74 | F1257: {=_xlfn.IFS(Healthcare!$E1257<5.7,"normal",Healthcare!$E1257<=6.4,"prediabetes",Healthcare!$E1257>=6.5,"diabetes")} -> prediabetes | G1257: yes | H1257: No | I1257: No | J1257: 0 | K1257: No | L1257: =VLOOKUP(Healthcare!$A1257,hospital_details,2,0) -> 14-Jun-1976 | M1257: =VLOOKUP(A1257,hospital_details,3,0) -> 50 | N1257: =VLOOKUP($A1257,hospital_details,4,0) -> 2 | O1257: =VLOOKUP($A1257,hospital_details,5,0) -> 8823.28 | P1257: =VLOOKUP($A1257,hospital_details,6,0) -> tier - 2 | Q1257: =VLOOKUP($A1257,hospital_details,7,0) -> tier - 1 | R1257: =VLOOKUP($A1257,hospital_details,8,0) -> R1011
A1258: ID1257 | B1258: =VLOOKUP($A1258,[1]!Customer_Names[#Data],3,0) -> Michael | C1258: 45.69 | D1258: {=_xlfn.IFS(Healthcare!$C1258<18.5,"under weight",Healthcare!$C1258<=24.9,"Normal Weight",Healthcare!$C1258>=25,"overweight",Healthcare!$C1258>=30,"obese")} -> overweight | E1258: 4.43 | F1258: {=_xlfn.IFS(Healthcare!$E1258<5.7,"normal",Healthcare!$E1258<=6.4,"prediabetes",Healthcare!$E1258>=6.5,"diabetes")} -> normal | G1258: yes | H1258: No | I1258: No | J1258: 0 | K1258: No | L1258: =VLOOKUP(Healthcare!$A1258,hospital_details,2,0) -> 7-Nov-2001 | M1258: =VLOOKUP(A1258,hospital_details,3,0) -> 24 | N1258: =VLOOKUP($A1258,hospital_details,4,0) -> 0 | O1258: =VLOOKUP($A1258,hospital_details,5,0) -> 8821.88 | P1258: =VLOOKUP($A1258,hospital_details,6,0) -> tier - 2 | Q1258: =VLOOKUP($A1258,hospital_details,7,0) -> tier - 3 | R1258: =VLOOKUP($A1258,hospital_details,8,0) -> R1023
A1259: ID1258 | B1259: =VLOOKUP($A1259,[1]!Customer_Names[#Data],3,0) -> Roxanne | C1259: 21.03 | D1259: {=_xlfn.IFS(Healthcare!$C1259<18.5,"under weight",Healthcare!$C1259<=24.9,"Normal Weight",Healthcare!$C1259>=25,"overweight",Healthcare!$C1259>=30,"obese")} -> Normal Weight | E1259: 6.5 | F1259: {=_xlfn.IFS(Healthcare!$E1259<5.7,"normal",Healthcare!$E1259<=6.4,"prediabetes",Healthcare!$E1259>=6.5,"diabetes")} -> diabetes | G1259: No | H1259: No | I1259: No | J1259: 0 | K1259: No | L1259: =VLOOKUP(Healthcare!$A1259,hospital_details,2,0) -> 29-Aug-1965 | M1259: =VLOOKUP(A1259,hospital_details,3,0) -> 61 | N1259: =VLOOKUP($A1259,hospital_details,4,0) -> 0 | O1259: =VLOOKUP($A1259,hospital_details,5,0) -> 8800.49 | P1259: =VLOOKUP($A1259,hospital_details,6,0) -> tier - 3 | Q1259: =VLOOKUP($A1259,hospital_details,7,0) -> tier - 2 | R1259: =VLOOKUP($A1259,hospital_details,8,0) -> R1013
A1260: ID1259 | B1260: =VLOOKUP($A1260,[1]!Customer_Names[#Data],3,0) -> Israel | C1260: 37 | D1260: {=_xlfn.IFS(Healthcare!$C1260<18.5,"under weight",Healthcare!$C1260<=24.9,"Normal Weight",Healthcare!$C1260>=25,"overweight",Healthcare!$C1260>=30,"obese")} -> overweight | E1260: 8.75 | F1260: {=_xlfn.IFS(Healthcare!$E1260<5.7,"normal",Healthcare!$E1260<=6.4,"prediabetes",Healthcare!$E1260>=6.5,"diabetes")} -> diabetes | G1260: No | H1260: No | I1260: No | J1260: 0 | K1260: No | L1260: =VLOOKUP(Healthcare!$A1260,hospital_details,2,0) -> 18-Jun-1971 | M1260: =VLOOKUP(A1260,hospital_details,3,0) -> 55 | N1260: =VLOOKUP($A1260,hospital_details,4,0) -> 0 | O1260: =VLOOKUP($A1260,hospital_details,5,0) -> 8798.59 | P1260: =VLOOKUP($A1260,hospital_details,6,0) -> tier - 2 | Q1260: =VLOOKUP($A1260,hospital_details,7,0) -> tier - 1 | R1260: =VLOOKUP($A1260,hospital_details,8,0) -> R1011
A1261: ID1260 | B1261: =VLOOKUP($A1261,[1]!Customer_Names[#Data],3,0) -> Samalya | C1261: 25.4 | D1261: {=_xlfn.IFS(Healthcare!$C1261<18.5,"under weight",Healthcare!$C1261<=24.9,"Normal Weight",Healthcare!$C1261>=25,"overweight",Healthcare!$C1261>=30,"obese")} -> overweight | E1261: 11.96 | F1261: {=_xlfn.IFS(Healthcare!$E1261<5.7,"normal",Healthcare!$E1261<=6.4,"prediabetes",Healthcare!$E1261>=6.5,"diabetes")} -> diabetes | G1261: No | H1261: No | I1261: No | J1261: 0 | K1261: No | L1261: =VLOOKUP(Healthcare!$A1261,hospital_details,2,0) -> 23-Aug-1971 | M1261: =VLOOKUP(A1261,hospital_details,3,0) -> 55 | N1261: =VLOOKUP($A1261,hospital_details,4,0) -> 0 | O1261: =VLOOKUP($A1261,hospital_details,5,0) -> 8782.47 | P1261: =VLOOKUP($A1261,hospital_details,6,0) -> tier - 2 | Q1261: =VLOOKUP($A1261,hospital_details,7,0) -> tier - 3 | R1261: =VLOOKUP($A1261,hospital_details,8,0) -> R1011
A1262: ID1261 | B1262: =VLOOKUP($A1262,[1]!Customer_Names[#Data],3,0) -> Peter | C1262: 32.3 | D1262: {=_xlfn.IFS(Healthcare!$C1262<18.5,"under weight",Healthcare!$C1262<=24.9,"Normal Weight",Healthcare!$C1262>=25,"overweight",Healthcare!$C1262>=30,"obese")} -> overweight | E1262: 10.54 | F1262: {=_xlfn.IFS(Healthcare!$E1262<5.7,"normal",Healthcare!$E1262<=6.4,"prediabetes",Healthcare!$E1262>=6.5,"diabetes")} -> diabetes | G1262: No | H1262: No | I1262: No | J1262: 0 | K1262: No | L1262: =VLOOKUP(Healthcare!$A1262,hospital_details,2,0) -> 6-Sep-1974 | M1262: =VLOOKUP(A1262,hospital_details,3,0) -> 52 | N1262: =VLOOKUP($A1262,hospital_details,4,0) -> 1 | O1262: =VLOOKUP($A1262,hospital_details,5,0) -> 8765.25 | P1262: =VLOOKUP($A1262,hospital_details,6,0) -> tier - 2 | Q1262: =VLOOKUP($A1262,hospital_details,7,0) -> tier - 3 | R1262: =VLOOKUP($A1262,hospital_details,8,0) -> R1012
A1263: ID1262 | B1263: =VLOOKUP($A1263,[1]!Customer_Names[#Data],3,0) -> Alicia | C1263: 23.94 | D1263: {=_xlfn.IFS(Healthcare!$C1263<18.5,"under weight",Healthcare!$C1263<=24.9,"Normal Weight",Healthcare!$C1263>=25,"overweight",Healthcare!$C1263>=30,"obese")} -> Normal Weight | E1263: 4.54 | F1263: {=_xlfn.IFS(Healthcare!$E1263<5.7,"normal",Healthcare!$E1263<=6.4,"prediabetes",Healthcare!$E1263>=6.5,"diabetes")} -> normal | G1263: yes | H1263: No | I1263: Yes | J1263: 1 | K1263: No | L1263: =VLOOKUP(Healthcare!$A1263,hospital_details,2,0) -> 9-Sep-1969 | M1263: =VLOOKUP(A1263,hospital_details,3,0) -> 57 | N1263: =VLOOKUP($A1263,hospital_details,4,0) -> 0 | O1263: =VLOOKUP($A1263,hospital_details,5,0) -> 8760.12 | P1263: =VLOOKUP($A1263,hospital_details,6,0) -> tier - 2 | Q1263: =VLOOKUP($A1263,hospital_details,7,0) -> tier - 1 | R1263: =VLOOKUP($A1263,hospital_details,8,0) -> R1013
A1264: ID1263 | B1264: =VLOOKUP($A1264,[1]!Customer_Names[#Data],3,0) -> Sarah K | C1264: 46.4 | D1264: {=_xlfn.IFS(Healthcare!$C1264<18.5,"under weight",Healthcare!$C1264<=24.9,"Normal Weight",Healthcare!$C1264>=25,"overweight",Healthcare!$C1264>=30,"obese")} -> overweight | E1264: 5.71 | F1264: {=_xlfn.IFS(Healthcare!$E1264<5.7,"normal",Healthcare!$E1264<=6.4,"prediabetes",Healthcare!$E1264>=6.5,"diabetes")} -> prediabetes | G1264: No | H1264: No | I1264: No | J1264: 0 | K1264: No | L1264: =VLOOKUP(Healthcare!$A1264,hospital_details,2,0) -> 23-Aug-1999 | M1264: =VLOOKUP(A1264,hospital_details,3,0) -> 27 | N1264: =VLOOKUP($A1264,hospital_details,4,0) -> 0 | O1264: =VLOOKUP($A1264,hospital_details,5,0) -> 8747.68 | P1264: =VLOOKUP($A1264,hospital_details,6,0) -> tier - 2 | Q1264: =VLOOKUP($A1264,hospital_details,7,0) -> tier - 3 | R1264: =VLOOKUP($A1264,hospital_details,8,0) -> R1011
A1265: ID1264 | B1265: =VLOOKUP($A1265,[1]!Customer_Names[#Data],3,0) -> Guomin | C1265: 40.375 | D1265: {=_xlfn.IFS(Healthcare!$C1265<18.5,"under weight",Healthcare!$C1265<=24.9,"Normal Weight",Healthcare!$C1265>=25,"overweight",Healthcare!$C1265>=30,"obese")} -> overweight | E1265: 6.25 | F1265: {=_xlfn.IFS(Healthcare!$E1265<5.7,"normal",Healthcare!$E1265<=6.4,"prediabetes",Healthcare!$E1265>=6.5,"diabetes")} -> prediabetes | G1265: yes | H1265: No | I1265: No | J1265: 0 | K1265: No | L1265: =VLOOKUP(Healthcare!$A1265,hospital_details,2,0) -> 17-Jun-1976 | M1265: =VLOOKUP(A1265,hospital_details,3,0) -> 50 | N1265: =VLOOKUP($A1265,hospital_details,4,0) -> 2 | O1265: =VLOOKUP($A1265,hospital_details,5,0) -> 8733.23 | P1265: =VLOOKUP($A1265,hospital_details,6,0) -> tier - 2 | Q1265: =VLOOKUP($A1265,hospital_details,7,0) -> tier - 3 | R1265: =VLOOKUP($A1265,hospital_details,8,0) -> R1012
A1266: ID1265 | B1266: =VLOOKUP($A1266,[1]!Customer_Names[#Data],3,0) -> Javier | C1266: 28.7 | D1266: {=_xlfn.IFS(Healthcare!$C1266<18.5,"under weight",Healthcare!$C1266<=24.9,"Normal Weight",Healthcare!$C1266>=25,"overweight",Healthcare!$C1266>=30,"obese")} -> overweight | E1266: 9.47 | F1266: {=_xlfn.IFS(Healthcare!$E1266<5.7,"normal",Healthcare!$E1266<=6.4,"prediabetes",Healthcare!$E1266>=6.5,"diabetes")} -> diabetes | G1266: No | H1266: No | I1266: No | J1266: 2 | K1266: No | L1266: =VLOOKUP(Healthcare!$A1266,hospital_details,2,0) -> 25-Jun-1973 | M1266: =VLOOKUP(A1266,hospital_details,3,0) -> 53 | N1266: =VLOOKUP($A1266,hospital_details,4,0) -> 1 | O1266: =VLOOKUP($A1266,hospital_details,5,0) -> 8703.46 | P1266: =VLOOKUP($A1266,hospital_details,6,0) -> tier - 3 | Q1266: =VLOOKUP($A1266,hospital_details,7,0) -> tier - 3 | R1266: =VLOOKUP($A1266,hospital_details,8,0) -> R1011
A1267: ID1266 | B1267: =VLOOKUP($A1267,[1]!Customer_Names[#Data],3,0) -> Matt | C1267: 26.63 | D1267: {=_xlfn.IFS(Healthcare!$C1267<18.5,"under weight",Healthcare!$C1267<=24.9,"Normal Weight",Healthcare!$C1267>=25,"overweight",Healthcare!$C1267>=30,"obese")} -> overweight | E1267: 5.7 | F1267: {=_xlfn.IFS(Healthcare!$E1267<5.7,"normal",Healthcare!$E1267<=6.4,"prediabetes",Healthcare!$E1267>=6.5,"diabetes")} -> prediabetes | G1267: No | H1267: No | I1267: No | J1267: 0 | K1267: No | L1267: =VLOOKUP(Healthcare!$A1267,hospital_details,2,0) -> 28-Oct-1980 | M1267: =VLOOKUP(A1267,hospital_details,3,0) -> 45 | N1267: =VLOOKUP($A1267,hospital_details,4,0) -> 2 | O1267: =VLOOKUP($A1267,hospital_details,5,0) -> 8701.84 | P1267: =VLOOKUP($A1267,hospital_details,6,0) -> tier - 2 | Q1267: =VLOOKUP($A1267,hospital_details,7,0) -> tier - 3 | R1267: =VLOOKUP($A1267,hospital_details,8,0) -> R1021
A1268: ID1267 | B1268: =VLOOKUP($A1268,[1]!Customer_Names[#Data],3,0) -> Thomas S | C1268: 22.515 | D1268: {=_xlfn.IFS(Healthcare!$C1268<18.5,"under weight",Healthcare!$C1268<=24.9,"Normal Weight",Healthcare!$C1268>=25,"overweight",Healthcare!$C1268>=30,"obese")} -> Normal Weight | E1268: 11.18 | F1268: {=_xlfn.IFS(Healthcare!$E1268<5.7,"normal",Healthcare!$E1268<=6.4,"prediabetes",Healthcare!$E1268>=6.5,"diabetes")} -> diabetes | G1268: No | H1268: No | I1268: No | J1268: 2 | K1268: No | L1268: =VLOOKUP(Healthcare!$A1268,hospital_details,2,0) -> 11-Oct-1973 | M1268: =VLOOKUP(A1268,hospital_details,3,0) -> 53 | N1268: =VLOOKUP($A1268,hospital_details,4,0) -> 0 | O1268: =VLOOKUP($A1268,hospital_details,5,0) -> 8688.86 | P1268: =VLOOKUP($A1268,hospital_details,6,0) -> tier - 2 | Q1268: =VLOOKUP($A1268,hospital_details,7,0) -> tier - 1 | R1268: =VLOOKUP($A1268,hospital_details,8,0) -> R1017
... A1286: ID1285 | B1286: =VLOOKUP($A1286,[1]!Customer_Names[#Data],3,0) -> Rebecca E | C1286: 32 | D1286: {=_xlfn.IFS(Healthcare!$C1286<18.5,"under weight",Healthcare!$C1286<=24.9,"Normal Weight",Healthcare!$C1286>=25,"overweight",Healthcare!$C1286>=30,"obese")} -> overweight | E1286: 7.85 | F1286: {=_xlfn.IFS(Healthcare!$E1286<5.7,"normal",Healthcare!$E1286<=6.4,"prediabetes",Healthcare!$E1286>=6.5,"diabetes")} -> diabetes | G1286: yes | H1286: No | I1286: No | J1286: 1 | K1286: No | L1286: =VLOOKUP(Healthcare!$A1286,hospital_details,2,0) -> 6-Aug-1975 | M1286: =VLOOKUP(A1286,hospital_details,3,0) -> 51 | N1286: =VLOOKUP($A1286,hospital_details,4,0) -> 1 | O1286: =VLOOKUP($A1286,hospital_details,5,0) -> 8551.35 | P1286: =VLOOKUP($A1286,hospital_details,6,0) -> tier - 2 | Q1286: =VLOOKUP($A1286,hospital_details,7,0) -> tier - 2 | R1286: =VLOOKUP($A1286,hospital_details,8,0) -> R1011
A1287: ID1286 | B1287: =VLOOKUP($A1287,[1]!Customer_Names[#Data],3,0) -> Katie M | C1287: 29.37 | D1287: {=_xlfn.IFS(Healthcare!$C1287<18.5,"under weight",Healthcare!$C1287<=24.9,"Normal Weight",Healthcare!$C1287>=25,"overweight",Healthcare!$C1287>=30,"obese")} -> overweight | E1287: 8.01 | F1287: {=_xlfn.IFS(Healthcare!$E1287<5.7,"normal",Healthcare!$E1287<=6.4,"prediabetes",Healthcare!$E1287>=6.5,"diabetes")} -> diabetes | G1287: yes | H1287: No | I1287: No | J1287: 1 | K1287: No | L1287: =VLOOKUP(Healthcare!$A1287,hospital_details,2,0) -> 12-Dec- | M1287: =VLOOKUP(A2,hospital_details,3,0) -> 58 | N1287: =VLOOKUP($A1287,hospital_details,4,0) -> 1 | O1287: =VLOOKUP($A1287,hospital_details,5,0) -> 8547.69 | P1287: =VLOOKUP($A1287,hospital_details,6,0) -> tier - 2 | Q1287: =VLOOKUP($A1287,hospital_details,7,0) -> tier - 1 | R1287: =VLOOKUP($A1287,hospital_details,8,0) -> R1013
A1288: ID1287 | B1288: =VLOOKUP($A1288,[1]!Customer_Names[#Data],3,0) -> Elizabeth A | C1288: 23.6 | D1288: {=_xlfn.IFS(Healthcare!$C1288<18.5,"under weight",Healthcare!$C1288<=24.9,"Normal Weight",Healthcare!$C1288>=25,"overweight",Healthcare!$C1288>=30,"obese")} -> Normal Weight | E1288: 7.4 | F1288: {=_xlfn.IFS(Healthcare!$E1288<5.7,"normal",Healthcare!$E1288<=6.4,"prediabetes",Healthcare!$E1288>=6.5,"diabetes")} -> diabetes | G1288: yes | H1288: No | I1288: No | J1288: 1 | K1288: No | L1288: =VLOOKUP(Healthcare!$A1288,hospital_details,2,0) -> 6-Nov-1975 | M1288: =VLOOKUP(A1288,hospital_details,3,0) -> 50 | N1288: =VLOOKUP($A1288,hospital_details,4,0) -> 1 | O1288: =VLOOKUP($A1288,hospital_details,5,0) -> 8539.67 | P1288: =VLOOKUP($A1288,hospital_details,6,0) -> tier - 2 | Q1288: =VLOOKUP($A1288,hospital_details,7,0) -> tier - 3 | R1288: =VLOOKUP($A1288,hospital_details,8,0) -> R1011
A1289: ID1288 | B1289: =VLOOKUP($A1289,[1]!Customer_Names[#Data],3,0) -> Sarah | C1289: 33.155 | D1289: {=_xlfn.IFS(Healthcare!$C1289<18.5,"under weight",Healthcare!$C1289<=24.9,"Normal Weight",Healthcare!$C1289>=25,"overweight",Healthcare!$C1289>=30,"obese")} -> overweight | E1289: 8.38 | F1289: {=_xlfn.IFS(Healthcare!$E1289<5.7,"normal",Healthcare!$E1289<=6.4,"prediabetes",Healthcare!$E1289>=6.5,"diabetes")} -> diabetes | G1289: yes | H1289: No | I1289: No | J1289: 0 | K1289: No | L1289: =VLOOKUP(Healthcare!$A1289,hospital_details,2,0) -> 27-Dec-1981 | M1289: =VLOOKUP(A1289,hospital_details,3,0) -> 44 | N1289: =VLOOKUP($A1289,hospital_details,4,0) -> 3 | O1289: =VLOOKUP($A1289,hospital_details,5,0) -> 8538.29 | P1289: =VLOOKUP($A1289,hospital_details,6,0) -> tier - 2 | Q1289: =VLOOKUP($A1289,hospital_details,7,0) -> tier - 3 | R1289: =VLOOKUP($A1289,hospital_details,8,0) -> R1024
A1290: ID1289 | B1290: =VLOOKUP($A1290,[1]!Customer_Names[#Data],3,0) -> Annie J | C1290: 24.32 | D1290: {=_xlfn.IFS(Healthcare!$C1290<18.5,"under weight",Healthcare!$C1290<=24.9,"Normal Weight",Healthcare!$C1290>=25,"overweight",Healthcare!$C1290>=30,"obese")} -> Normal Weight | E1290: 11.56 | F1290: {=_xlfn.IFS(Healthcare!$E1290<5.7,"normal",Healthcare!$E1290<=6.4,"prediabetes",Healthcare!$E1290>=6.5,"diabetes")} -> diabetes | G1290: yes | H1290: No | I1290: No | J1290: 1 | K1290: No | L1290: =VLOOKUP(Healthcare!$A1290,hospital_details,2,0) -> 24-Jul- | M1290: =VLOOKUP(A5,hospital_details,3,0) -> 35 | N1290: =VLOOKUP($A1290,hospital_details,4,0) -> 0 | O1290: =VLOOKUP($A1290,hospital_details,5,0) -> 8534.67 | P1290: =VLOOKUP($A1290,hospital_details,6,0) -> tier - 2 | Q1290: =VLOOKUP($A1290,hospital_details,7,0) -> tier - 3 | R1290: =VLOOKUP($A1290,hospital_details,8,0) -> R1024
A1291: ID1290 | B1291: =VLOOKUP($A1291,[1]!Customer_Names[#Data],3,0) -> Annie | C1291: 36.3 | D1291: {=_xlfn.IFS(Healthcare!$C1291<18.5,"under weight",Healthcare!$C1291<=24.9,"Normal Weight",Healthcare!$C1291>=25,"overweight",Healthcare!$C1291>=30,"obese")} -> overweight | E1291: 4.61 | F1291: {=_xlfn.IFS(Healthcare!$E1291<5.7,"normal",Healthcare!$E1291<=6.4,"prediabetes",Healthcare!$E1291>=6.5,"diabetes")} -> normal | G1291: No | H1291: No | I1291: No | J1291: 0 | K1291: No | L1291: =VLOOKUP(Healthcare!$A1291,hospital_details,2,0) -> 26-Jul-1977 | M1291: =VLOOKUP(A1291,hospital_details,3,0) -> 49 | N1291: =VLOOKUP($A1291,hospital_details,4,0) -> 2 | O1291: =VLOOKUP($A1291,hospital_details,5,0) -> 8527.53 | P1291: =VLOOKUP($A1291,hospital_details,6,0) -> tier - 2 | Q1291: =VLOOKUP($A1291,hospital_details,7,0) -> tier - 2 | R1291: =VLOOKUP($A1291,hospital_details,8,0) -> R1013
A1292: ID1291 | B1292: =VLOOKUP($A1292,[1]!Customer_Names[#Data],3,0) -> Lindsey | C1292: 34.4 | D1292: {=_xlfn.IFS(Healthcare!$C1292<18.5,"under weight",Healthcare!$C1292<=24.9,"Normal Weight",Healthcare!$C1292>=25,"overweight",Healthcare!$C1292>=30,"obese")} -> overweight | E1292: 4.95 | F1292: {=_xlfn.IFS(Healthcare!$E1292<5.7,"normal",Healthcare!$E1292<=6.4,"prediabetes",Healthcare!$E1292>=6.5,"diabetes")} -> normal | G1292: No | H1292: No | I1292: Yes | J1292: 1 | K1292: No | L1292: =VLOOKUP(Healthcare!$A1292,hospital_details,2,0) -> 13-Aug-1979 | M1292: =VLOOKUP(A1292,hospital_details,3,0) -> 47 | N1292: =VLOOKUP($A1292,hospital_details,4,0) -> 3 | O1292: =VLOOKUP($A1292,hospital_details,5,0) -> 8522 | P1292: =VLOOKUP($A1292,hospital_details,6,0) -> tier - 2 | Q1292: =VLOOKUP($A1292,hospital_details,7,0) -> tier - 2 | R1292: =VLOOKUP($A1292,hospital_details,8,0) -> R1011
A1293: ID1292 | B1293: =VLOOKUP($A1293,[1]!Customer_Names[#Data],3,0) -> Laura | C1293: 30.9 | D1293: {=_xlfn.IFS(Healthcare!$C1293<18.5,"under weight",Healthcare!$C1293<=24.9,"Normal Weight",Healthcare!$C1293>=25,"overweight",Healthcare!$C1293>=30,"obese")} -> overweight | E1293: 5.04 | F1293: {=_xlfn.IFS(Healthcare!$E1293<5.7,"normal",Healthcare!$E1293<=6.4,"prediabetes",Healthcare!$E1293>=6.5,"diabetes")} -> normal | G1293: No | H1293: No | I1293: No | J1293: 0 | K1293: No | L1293: =VLOOKUP(Healthcare!$A1293,hospital_details,2,0) -> 29-Dec-1977 | M1293: =VLOOKUP(A1293,hospital_details,3,0) -> 48 | N1293: =VLOOKUP($A1293,hospital_details,4,0) -> 2 | O1293: =VLOOKUP($A1293,hospital_details,5,0) -> 8520.03 | P1293: =VLOOKUP($A1293,hospital_details,6,0) -> tier - 2 | Q1293: =VLOOKUP($A1293,hospital_details,7,0) -> tier - 3 | R1293: =VLOOKUP($A1293,hospital_details,8,0) -> R1011
A1294: ID1293 | B1294: =VLOOKUP($A1294,[1]!Customer_Names[#Data],3,0) -> Amy T | C1294: 28.6 | D1294: {=_xlfn.IFS(Healthcare!$C1294<18.5,"under weight",Healthcare!$C1294<=24.9,"Normal Weight",Healthcare!$C1294>=25,"overweight",Healthcare!$C1294>=30,"obese")} -> overweight | E1294: 5.42 | F1294: {=_xlfn.IFS(Healthcare!$E1294<5.7,"normal",Healthcare!$E1294<=6.4,"prediabetes",Healthcare!$E1294>=6.5,"diabetes")} -> normal | G1294: No | H1294: No | I1294: No | J1294: 0 | K1294: No | L1294: =VLOOKUP(Healthcare!$A1294,hospital_details,2,0) -> 21-Jun-1977 | M1294: =VLOOKUP(A1294,hospital_details,3,0) -> 49 | N1294: =VLOOKUP($A1294,hospital_details,4,0) -> 2 | O1294: =VLOOKUP($A1294,hospital_details,5,0) -> 8516.83 | P1294: =VLOOKUP($A1294,hospital_details,6,0) -> tier - 2 | Q1294: =VLOOKUP($A1294,hospital_details,7,0) -> tier - 1 | R1294: =VLOOKUP($A1294,hospital_details,8,0) -> R1013
A1295: ID1294 | B1295: =VLOOKUP($A1295,[1]!Customer_Names[#Data],3,0) -> Katarina D | C1295: 27.83 | D1295: {=_xlfn.IFS(Healthcare!$C1295<18.5,"under weight",Healthcare!$C1295<=24.9,"Normal Weight",Healthcare!$C1295>=25,"overweight",Healthcare!$C1295>=30,"obese")} -> overweight | E1295: 5.39 | F1295: {=_xlfn.IFS(Healthcare!$E1295<5.7,"normal",Healthcare!$E1295<=6.4,"prediabetes",Healthcare!$E1295>=6.5,"diabetes")} -> normal | G1295: No | H1295: No | I1295: No | J1295: 0 | K1295: No | L1295: =VLOOKUP(Healthcare!$A1295,hospital_details,2,0) -> 26-Dec-1977 | M1295: =VLOOKUP(A1295,hospital_details,3,0) -> 48 | N1295: =VLOOKUP($A1295,hospital_details,4,0) -> 2 | O1295: =VLOOKUP($A1295,hospital_details,5,0) -> 8515.76 | P1295: =VLOOKUP($A1295,hospital_details,6,0) -> tier - 2 | Q1295: =VLOOKUP($A1295,hospital_details,7,0) -> tier - 2 | R1295: =VLOOKUP($A1295,hospital_details,8,0) -> R1013
A1296: ID1295 | B1296: =VLOOKUP($A1296,[1]!Customer_Names[#Data],3,0) -> B | C1296: 39.64 | D1296: {=_xlfn.IFS(Healthcare!$C1296<18.5,"under weight",Healthcare!$C1296<=24.9,"Normal Weight",Healthcare!$C1296>=25,"overweight",Healthcare!$C1296>=30,"obese")} -> overweight | E1296: 6 | F1296: {=_xlfn.IFS(Healthcare!$E1296<5.7,"normal",Healthcare!$E1296<=6.4,"prediabetes",Healthcare!$E1296>=6.5,"diabetes")} -> prediabetes | G1296: No | H1296: No | I1296: Yes | J1296: 1 | K1296: No | L1296: =VLOOKUP(Healthcare!$A1296,hospital_details,2,0) -> 10-Nov-1993 | M1296: =VLOOKUP(A1296,hospital_details,3,0) -> 32 | N1296: =VLOOKUP($A1296,hospital_details,4,0) -> 0 | O1296: =VLOOKUP($A1296,hospital_details,5,0) -> 8471.65 | P1296: =VLOOKUP($A1296,hospital_details,6,0) -> tier - 2 | Q1296: =VLOOKUP($A1296,hospital_details,7,0) -> tier - 1 | R1296: =VLOOKUP($A1296,hospital_details,8,0) -> R1012
A1297: ID1296 | B1297: =VLOOKUP($A1297,[1]!Customer_Names[#Data],3,0) -> Alison | C1297: 38.48 | D1297: {=_xlfn.IFS(Healthcare!$C1297<18.5,"under weight",Healthcare!$C1297<=24.9,"Normal Weight",Healthcare!$C1297>=25,"overweight",Healthcare!$C1297>=30,"obese")} -> overweight | E1297: 6.02 | F1297: {=_xlfn.IFS(Healthcare!$E1297<5.7,"normal",Healthcare!$E1297<=6.4,"prediabetes",Healthcare!$E1297>=6.5,"diabetes")} -> prediabetes | G1297: No | H1297: No | I1297: No | J1297: 1 | K1297: No | L1297: =VLOOKUP(Healthcare!$A1297,hospital_details,2,0) -> 9-Sep-1992 | M1297: =VLOOKUP(A1297,hospital_details,3,0) -> 34 | N1297: =VLOOKUP($A1297,hospital_details,4,0) -> 0 | O1297: =VLOOKUP($A1297,hospital_details,5,0) -> 8466.35 | P1297: =VLOOKUP($A1297,hospital_details,6,0) -> tier - 2 | Q1297: =VLOOKUP($A1297,hospital_details,7,0) -> tier - 2 | R1297: =VLOOKUP($A1297,hospital_details,8,0) -> R1012
A1298: ID1297 | B1298: =VLOOKUP($A1298,[1]!Customer_Names[#Data],3,0) -> Neil K | C1298: 36.2 | D1298: {=_xlfn.IFS(Healthcare!$C1298<18.5,"under weight",Healthcare!$C1298<=24.9,"Normal Weight",Healthcare!$C1298>=25,"overweight",Healthcare!$C1298>=30,"obese")} -> overweight | E1298: 4.62 | F1298: {=_xlfn.IFS(Healthcare!$E1298<5.7,"normal",Healthcare!$E1298<=6.4,"prediabetes",Healthcare!$E1298>=6.5,"diabetes")} -> normal | G1298: No | H1298: No | I1298: No | J1298: 2 | K1298: No | L1298: =VLOOKUP(Healthcare!$A1298,hospital_details,2,0) -> 26-Dec-1972 | M1298: =VLOOKUP(A1298,hospital_details,3,0) -> 53 | N1298: =VLOOKUP($A1298,hospital_details,4,0) -> 0 | O1298: =VLOOKUP($A1298,hospital_details,5,0) -> 8457.82 | P1298: =VLOOKUP($A1298,hospital_details,6,0) -> tier - 2 | Q1298: =VLOOKUP($A1298,hospital_details,7,0) -> tier - 3 | R1298: =VLOOKUP($A1298,hospital_details,8,0) -> R1011
A1299: ID1298 | B1299: =VLOOKUP($A1299,[1]!Customer_Names[#Data],3,0) -> Anne Hunter | C1299: 27.13 | D1299: {=_xlfn.IFS(Healthcare!$C1299<18.5,"under weight",Healthcare!$C1299<=24.9,"Normal Weight",Healthcare!$C1299>=25,"overweight",Healthcare!$C1299>=30,"obese")} -> overweight | E1299: 5.59 | F1299: {=_xlfn.IFS(Healthcare!$E1299<5.7,"normal",Healthcare!$E1299<=6.4,"prediabetes",Healthcare!$E1299>=6.5,"diabetes")} -> normal | G1299: No | H1299: No | I1299: No | J1299: 1 | K1299: No | L1299: =VLOOKUP(Healthcare!$A1299,hospital_details,2,0) -> 19-Jun-1984 | M1299: =VLOOKUP(A1299,hospital_details,3,0) -> 42 | N1299: =VLOOKUP($A1299,hospital_details,4,0) -> 3 | O1299: =VLOOKUP($A1299,hospital_details,5,0) -> 8450.82 | P1299: =VLOOKUP($A1299,hospital_details,6,0) -> tier - 2 | Q1299: =VLOOKUP($A1299,hospital_details,7,0) -> tier - 2 | R1299: =VLOOKUP($A1299,hospital_details,8,0) -> R1025
A1300: ID1299 | B1300: =VLOOKUP($A1300,[1]!Customer_Names[#Data],3,0) -> Sandra | C1300: 20.75 | D1300: {=_xlfn.IFS(Healthcare!$C1300<18.5,"under weight",Healthcare!$C1300<=24.9,"Normal Weight",Healthcare!$C1300>=25,"overweight",Healthcare!$C1300>=30,"obese")} -> Normal Weight | E1300: 5.18 | F1300: {=_xlfn.IFS(Healthcare!$E1300<5.7,"normal",Healthcare!$E1300<=6.4,"prediabetes",Healthcare!$E1300>=6.5,"diabetes")} -> normal | G1300: yes | H1300: No | I1300: No | J1300: 2 | K1300: No | L1300: =VLOOKUP(Healthcare!$A1300,hospital_details,2,0) -> 12-Jun-1966 | M1300: =VLOOKUP(A1300,hospital_details,3,0) -> 60 | N1300: =VLOOKUP($A1300,hospital_details,4,0) -> 0 | O1300: =VLOOKUP($A1300,hospital_details,5,0) -> 8448.66 | P1300: =VLOOKUP($A1300,hospital_details,6,0) -> tier - 3 | Q1300: =VLOOKUP($A1300,hospital_details,7,0) -> tier - 1 | R1300: =VLOOKUP($A1300,hospital_details,8,0) -> R1013
...

Sheet Dashboard
